ime,stevilka,tema,kosi,ocena,stevilo_ocen,stevilo_recenzij,velikost_modela,navodila,datum_izida
Julian's Beach Painting,30703-1,Animal Crossing,43,3.7,44,1,,Yes,1 Jan 2025
Stargazing with Celeste,77053-1,Animal Crossing,78,4.1,61,0,12 x 6 x 9 cm,Yes,1 Jan 2025
Leif's Caravan & Garden Shop,77054-1,Animal Crossing,263,3.6,26,0,19 x 8 x 6 cm,Yes,1 Jan 2025
Able Sisters Clothing Shop,77055-1,Animal Crossing,322,4.0,24,0,14 x 27 x 14 cm,Yes,1 Jan 2025
Blathers's Museum Collection,77056-1,Animal Crossing,543,3.8,13,1,11 x 25 x 17 cm,Yes,1 Aug 2025
Creative Houses: Seasons of Fun,77057-1,Animal Crossing,814,4.3,10,0,12 x 42 x 11 cm,Yes,1 Aug 2025
Goldie's Cosy House,77058-1,Animal Crossing,149,4.1,11,0,12 x 9 x 7 cm,Yes,1 Aug 2025
Trevi Fountain,21062-1,Architecture,1880,4.2,36,0,25 x 38 x 18 cm,Yes,1 Mar 2025
Neuschwanstein Castle,21063-1,Architecture,3455,4.4,40,0,31 x 46 x 20 cm,Yes,1 Aug 2025
Shanghai,21068-1,Architecture,597,,0,0,,Yes,1 Aug 2025
LOVE,31214-1,Art,791,4.2,50,0,25 x 25 x 6 cm,Yes,1 Jan 2025
Vincent van Gogh – Sunflowers,31215-1,Art,2615,4.6,49,0,54 x 41 x 5 cm,Yes,1 Mar 2025
Keith Haring - Dancing Figures,31216-1,Art,1773,4.8,19,1,33 x 87 x 4 cm,Yes,15 May 2025
Tiger,31217-1,Art,744,3.9,11,0,20 x 31 x 6 cm,Yes,1 Jun 2025
Playground Fun with Bluey and Chloe,11201-1,Bluey,104,3.3,7,0,14 x 23 x 17 cm,Yes,1 Jun 2025
Bluey's Beach & Family Car Trip,11202-1,Bluey,133,3.7,12,0,11 x 8 x 5 cm,Yes,1 Jun 2025
Bluey's Family House,11203-1,Bluey,382,,0,0,21 x 20 x 13 cm,Yes,1 Jun 2025
Bluey Tea Party,30687-1,Bluey,33,3.9,29,0,,Yes,1 Jun 2025
Duck Cake,5009578-1,Bluey,32,,0,0,,No,
LEGO Build Christmas Fun!,5007567-1,Books,45,,0,0,,No,
The Force of Creativity – Standard Edition,5009141-1,Books,,,0,0,,No,
LEGO Easter Build and Play!,5009385-1,Books,43,,0,0,,No,
Mandalorian Warriors,5009386-1,Books,7,,0,0,,No,
Master Yoda,5009387-1,Books,5,2.8,6,0,,No,
Gravity Drop,5009467-1,Books,168,,0,0,,No,
Blocks magazine issue 123,BLOCKS123-1,Books,,,0,0,,No,
Blocks magazine issue 124,BLOCKS124-1,Books,,,0,0,,No,
Blocks magazine issue 125,BLOCKS125-1,Books,,,0,0,,No,
Blocks magazine issue 126,BLOCKS126-1,Books,,,0,0,,No,
Blocks magazine issue 127,BLOCKS127-1,Books,,,0,0,,No,
Blocks magazine issue 128,BLOCKS128-1,Books,,,0,0,,No,
Blocks magazine issue 129,BLOCKS129-1,Books,,,0,0,,No,
Blocks magazine issue 130,BLOCKS130-1,Books,,,0,0,,No,
Blocks magazine issue 131,BLOCKS131-1,Books,,,0,0,,No,
Blocks magazine issue 132,BLOCKS132-1,Books,,,0,0,,No,
Blocks magazine issue 133,BLOCKS133-1,Books,,,0,0,,No,
Blocks magazine issue 134,BLOCKS134-1,Books,,,0,0,,No,
Blocks magazine issue 135,BLOCKS135-1,Books,,,0,0,,No,
Blocks Book of Retro LEGO Sets volume 3,BLOCKSBOOK3-1,Books,,,0,0,,No,
BrickJournal Issue 88,BRICKJOURNAL088-1,Books,,,0,0,,No,
BrickJournal Issue 89,BRICKJOURNAL089-1,Books,,,0,0,,No,
BrickJournal Issue 90,BRICKJOURNAL090-1,Books,,,0,0,,No,
BrickJournal Issue 91,BRICKJOURNAL091-1,Books,,,0,0,,No,
LEGO Easter Ideas,ISBN9780241706008-1,Books,25,,0,0,,No,
LEGO NINJAGO: Dragons Rising Adventure Atlas,ISBN9780241712306-1,Books,8,,0,0,,No,
"LEGO Star Wars: Character Encyclopedia, Updated Edition",ISBN9780241712412-1,Books,8,4.1,40,0,,No,
LEGO DreamZzz: World Builder,ISBN9780241712467-1,Books,136,,0,1,,No,
LEGO Marvel Spider-Man: Explore the Spider-Verse,ISBN9780241716540-1,Books,3,3.9,10,0,,No,
LEGO Minecraft Games Book: 50 Fun Ideas to Play with Your LEGO Collection!,ISBN9780241719336-1,Books,61,,0,0,,No,
LEGO Minecraft: Visual Dictionary,ISBN9780241719459-1,Books,3,,0,0,,No,
LEGO NINJAGO World Builder,ISBN9780593959480-1,Books,135,,0,0,,No,
LEGO How to Build Everything!,ISBN9780593965870-1,Books,,,0,0,,No,
Tiny Desert Garden,ISBN9781464231353-1,Books,54,4.2,10,0,,No,
Tiny Wildflower Bouquet,ISBN9781464245367-1,Books,95,4.3,11,0,,No,
LEGO Star Wars: Die Macht der Kreativität,ISBN9783960809111-1,Books,,,0,0,,No,
"LEGO Minifigure: A Visual History, Updated and Expanded",ISBN9798217126040-1,Books,6,4.5,14,1,,No,
Pretty Pink Flower Bouquet,10342-1,Botanicals,749,3.6,97,0,,Yes,1 Jan 2025
Mini Orchid,10343-1,Botanicals,274,4.0,152,0,,Yes,1 Jan 2025
Lucky Bamboo,10344-1,Botanicals,325,4.0,157,0,,Yes,1 Jan 2025
Flower Arrangement,10345-1,Botanicals,1161,4.3,43,1,26 x 31 x 23 cm,Yes,1 Feb 2025
Petite Sunny Bouquet,10347-1,Botanicals,373,3.7,58,0,22 x 8 x 5 cm,Yes,1 May 2025
Japanese Maple Tree,10348-1,Botanicals,474,4.0,71,1,24 x 22 x 26 cm,Yes,1 Jun 2025
Happy Plants,10349-1,Botanicals,217,4.5,140,3,,Yes,1 Jun 2025
Hibiscus,10372-1,Botanicals,660,4.0,38,0,36 x 25 x 13 cm,Yes,1 Aug 2025
Mini Bonsai Trees,10373-1,Botanicals,709,3.8,20,1,19 x 14 x 10 cm,Yes,1 Aug 2025
Bouquet of Pink Roses,10374-1,Botanicals,789,4.3,16,0,,Yes,1 Oct 2025
Field Flowers,30701-1,Botanicals,77,3.9,151,1,,Yes,1 Jan 2025
Mixed Flowerpot,40762-1,Botanicals,253,4.0,46,0,20 x 10 x 11 cm,Yes,12 Mar 2025
Evergreen Collector's Set,66809-1,Botanicals,599,,0,0,,No,1 Oct 2025
Adventure Peely & Cuddle Team Leader,40760-1,BrickHeadz,258,3.5,39,0,,Yes,1 Aug 2025
The Goblet of Fire Figures,40791-1,BrickHeadz,671,4.3,11,0,,Yes,1 Sep 2025
Dumbo,40792-1,BrickHeadz,176,4.1,33,0,,Yes,1 Feb 2025
Tom & Jerry Figures,40793-1,BrickHeadz,212,4.2,43,1,,Yes,
Elphaba & Glinda Figures,40794-1,BrickHeadz,325,3.9,14,0,,Yes,1 Sep 2025
Luke Skywalker (Rebel Pilot),40795-1,BrickHeadz,138,4.1,57,0,,Yes,18 Apr 2025
Revenge of the Sith Heroes & Villains,40796-1,BrickHeadz,656,4.1,49,0,,Yes,18 Apr 2025
Eeyore,40797-1,BrickHeadz,156,4.1,36,1,,Yes,1 Feb 2025
Red Panda Mei,40798-1,BrickHeadz,121,3.9,31,0,,Yes,1 Feb 2025
Monkey D. Luffy Figure,40799-1,BrickHeadz,136,4.1,21,0,,Yes,1 Aug 2025
Buggy the Clown Figure,40800-1,BrickHeadz,176,4.1,20,0,,Yes,1 Aug 2025
"Mike, Dustin, Lucas and Will Figures",40801-1,BrickHeadz,542,4.3,21,0,,Yes,1 Oct 2025
Luna Lovegood & Thestral Figures,40802-1,BrickHeadz,292,4.1,8,0,,Yes,1 Sep 2025
Optimus Prime Robot & Vehicle,40803-1,BrickHeadz,237,4.0,40,0,,Yes,1 Mar 2025
Bumblebee Robot & Vehicle,40804-1,BrickHeadz,253,4.4,33,0,,Yes,1 Mar 2025
Drift & Raven,40884-1,BrickHeadz,280,4.3,9,0,,Yes,1 Oct 2025
The Art of Chocolate,910039-1,BrickLink,2615,4.2,33,0,,No,
Harbourmaster's Office,910040-1,BrickLink,2418,3.9,43,0,,No,
Camping Adventure,910041-1,BrickLink,669,4.1,38,0,,No,
Lost City,910042-1,BrickLink,3506,3.3,9,0,,No,
Forest Stronghold,910043-1,BrickLink,3395,4.2,58,1,,No,
Wild West Train,910044-1,BrickLink,3192,3.8,47,0,,No,
Siege Encampment,910045-1,BrickLink,2598,4.5,34,0,,No,
Merchant Boat,910046-1,BrickLink,2180,3.8,14,0,,No,
Medieval Seaside Market,910047-1,BrickLink,2560,4.3,38,1,,No,
Riverside Scholars,910048-1,BrickLink,2769,3.5,15,0,,No,
Adventure in Transylvania,910049-1,BrickLink,4056,4.6,57,0,,Yes,1 Nov 2025
Antique Shop,910050-1,BrickLink,1918,4.6,17,0,,Yes,1 Nov 2025
Mushroom Village,910051-1,BrickLink,2436,4.6,27,0,,Yes,1 Nov 2025
Popcorn Wagon,910052-1,BrickLink,594,4.2,21,0,,Yes,1 Nov 2025
The Thieves of Tortuga,910053-1,BrickLink,4002,4.4,58,1,,Yes,1 Nov 2025
The Art Factory,910054-1,BrickLink,2256,4.5,13,0,,Yes,
Gold Mine Expedition,910055-1,BrickLink,3382,4.6,14,0,,Yes,
Off-Road Adventure,910056-1,BrickLink,978,4.7,11,0,,Yes,
Outlaw Forest Den,910057-1,BrickLink,2618,4.6,43,2,,Yes,
Sequoia Tree Trail,910058-1,BrickLink,3187,4.8,9,0,,Yes,
Bricklink 25th Anniversary Giveaway,5009260-1,BrickLink,94,,0,0,,No,
1x8 Brick #BrickLink25,5009551-1,BrickLink,1,,0,0,,No,
Police Water Scooter,30693-1,City,29,3.4,29,0,,Yes,1 Jan 2025
Space Science Mech,30694-1,City,49,4.1,69,2,,Yes,1 Jan 2025
F1 Driver with McLaren Race Car,60442-1,City,86,3.7,47,0,14 x 3 x 5 cm,Yes,1 Jan 2025
F1 Pit Stop & Pit Crew with Ferrari Car,60443-1,City,322,4.0,58,0,14 x 8 x 5 cm,Yes,1 Jan 2025
F1 Garage & Mercedes-AMG & Alpine Cars,60444-1,City,678,4.1,23,0,46 x 17 x 7 cm,Yes,1 Jan 2025
F1 Truck with RB20 & AMR24 F1 Cars,60445-1,City,1086,3.8,33,0,44 x 9 x 7 cm,Yes,1 Jan 2025
Galactic Spaceship,60446-1,City,717,4.5,65,2,39 x 29 x 6 cm,Yes,1 Jan 2025
Off-Road Mountain Truck,60447-1,City,221,4.0,74,0,13 x 7 x 6 cm,Yes,1 Jan 2025
Sports Car,60448-1,City,109,4.1,70,2,13 x 4 x 5 cm,Yes,1 Jan 2025
Off-Road Police Car Chase,60449-1,City,467,4.0,9,0,14 x 8 x 8 cm,Yes,1 Mar 2025
Wheel Loader,60450-1,City,81,3.6,42,0,16 x 8 x 6 cm,Yes,1 Jan 2025
Emergency Ambulance,60451-1,City,184,3.7,52,0,14 x 7 x 6 cm,Yes,1 Jan 2025
Donut Truck,60452-1,City,196,3.9,101,1,12 x 13 x 6 cm,Yes,1 Jan 2025
Lifeguard Truck,60453-1,City,214,4.2,46,1,15 x 7 x 7 cm,Yes,1 Jan 2025
Holiday Camper Van,60454-1,City,385,4.2,97,3,18 x 8 x 7 cm,Yes,1 Jan 2025
Police Motorcycle,60455-1,City,65,3.7,16,0,4 x 9 x 4 cm,Yes,1 Jun 2025
Police Boat,60456-1,City,264,4.2,25,0,11 x 31 x 8 cm,Yes,1 Jun 2025
Custom Police Garage,60457-1,City,489,4.4,5,0,11 x 42 x 21 cm,Yes,1 Jun 2025
Pizza vs. Fire Truck Race Car Pack,60458-1,City,70,3.8,44,0,5 x 9 x 4 cm,Yes,1 Jan 2025
Airplane vs. Hospital Bed Race Car Pack,60459-1,City,70,3.6,62,1,3 x 6 x 4 cm,Yes,1 Jan 2025
No Limits: Race Car Ramp Track,60460-1,City,436,3.6,27,0,22 x 33 x 14 cm,Yes,1 Jan 2025
Tractor with Trailer,60461-1,City,116,3.6,57,1,5 x 9 x 6 cm,Yes,1 Jan 2025
"Helicopter, Fire Truck & Submarine Remix",60462-1,City,874,3.4,18,0,10 x 25 x 23 cm,Yes,1 Jan 2025
Fire Truck,60463-1,City,82,3.4,7,0,24 x 8 x 7 cm,Yes,1 Jan 2025
F1 Williams Racing & Haas F1 Race Cars,60464-1,City,92,3.7,19,0,11 x 3 x 5 cm,Yes,1 Jan 2025
Air Ambulance,60465-1,City,403,4.0,22,1,12 x 36 x 37 cm,Yes,1 Jun 2025
Bulldozer,60466-1,City,682,4.3,64,1,12 x 24 x 13 cm,Yes,1 Jun 2025
Tow Truck,60467-1,City,793,4.3,42,0,28 x 9 x 6 cm,Yes,1 Jun 2025
Central Train Station,60469-1,City,752,3.6,27,1,33 x 44 x 30 cm,Yes,1 Jun 2025
Explorer Train,60470-1,City,1517,4.3,31,2,70 x 8 x 6 cm,Yes,1 Jun 2025
Arctic Truck,60471-1,City,1057,4.5,40,2,17 x 38 x 12 cm,Yes,1 Jun 2025
Scrapyard,60472-1,City,871,3.9,19,0,22 x 37 x 28 cm,Yes,1 Jan 2025
The City Tower,60473-1,City,1941,3.3,7,0,49 x 48 x 44 cm,Yes,1 Jun 2025
F1 Grid with VCARB & Sauber Race Cars,60474-1,City,313,3.8,21,0,14 x 3 x 5 cm,Yes,1 Mar 2025
LEGO City Advent Calendar 2025,60475-1,City,186,3.8,36,1,,Yes,1 Sep 2025
Built For Speed Gift Set,66803-1,City,348,,0,0,,No,1 Aug 2025
Police Chase,952501-1,City,19,4.0,5,0,,No,
Construction Worker with Rotary Cutter,952502-1,City,28,,0,0,,No,
Diver with Robot and Shark,952503-1,City,20,3.9,7,0,,No,
Astronaut with Space Hoverbike,952504-1,City,32,4.0,10,0,,No,
Fireman with Water Scooter,952505-1,City,27,,0,0,,No,
Firefighter with Bulldozer,952506-1,City,32,,0,0,,No,
Police Officer with Jet Pack,952507-1,City,16,,0,0,,No,
Air boat,952508-1,City,25,,0,0,,No,
Tractor,952509-1,City,30,5.0,6,0,,No,
Construction Worker with Vibration Plate,952510-1,City,26,4.4,5,0,,No,
Astronaut with Alien and Crystal,952511-1,City,20,4.7,6,0,,No,
Snowmobile,952512-1,City,23,,0,0,,No,
Soap Box Racer,6557633-1,City,39,,0,0,,No,
Soap Box Racer M&T,6562113-1,City,39,4.1,16,0,,No,
Creative Food Friends,11039-1,Classic,150,3.5,10,0,6 x 4 x 1 cm,Yes,1 Jan 2025
Magical Transparent Box,11040-1,Classic,340,4.1,14,0,8 x 8 x 6 cm,Yes,1 Mar 2025
Creative Dinosaurs,11041-1,Classic,450,3.8,5,0,,Yes,1 Jan 2025
Creative Happy Box,11042-1,Classic,680,,0,0,11 x 7 x 8 cm,Yes,1 Jan 2025
Cool Creative Box,11043-1,Classic,510,,0,0,10 x 9 x 8 cm,Yes,1 Mar 2025
Creative Build-and-Play Box,11044-1,Classic,750,,0,0,11 x 8 x 9 cm,Yes,1 Mar 2025
LEGO Minifigures - Series 27 {Box of 6 random packs},66795-1,Collectable Minifigures,,,0,0,,No,1 Jan 2025
LEGO Collectables - F1 Race Cars {Box of 6 random packs},66796-1,Collectable Minifigures,,,0,0,,No,1 May 2025
LEGO Minifigures - Spider-Man: Across the Spider-Verse Series {Box of 6 random packs},66797-1,Collectable Minifigures,,,0,0,,No,1 Sep 2025
LEGO Minifigures - Series 27 {Random pack},71048-0,Collectable Minifigures,,4.0,8,0,,No,1 Jan 2025
Hamster Costume Fan,71048-1,Collectable Minifigures,6,3.5,86,0,,Yes,1 Jan 2025
Wolfpack Beastmaster,71048-2,Collectable Minifigures,9,4.5,217,1,,No,1 Jan 2025
Jetpack Racer,71048-3,Collectable Minifigures,10,4.0,117,0,,No,1 Jan 2025
Astronomer Kid,71048-4,Collectable Minifigures,15,3.5,81,1,,No,1 Jan 2025
Plush Toy Collector,71048-5,Collectable Minifigures,7,3.5,95,0,,No,1 Jan 2025
Pterodactyl Costume Fan,71048-6,Collectable Minifigures,5,3.5,78,0,,No,1 Jan 2025
Longboarder,71048-7,Collectable Minifigures,9,3.6,83,0,,No,1 Jan 2025
Bogeyman,71048-8,Collectable Minifigures,9,3.9,115,0,,No,1 Jan 2025
Cupid,71048-9,Collectable Minifigures,9,3.7,82,1,,No,1 Jan 2025
Pirate Quartermaster,71048-10,Collectable Minifigures,8,4.3,135,0,,No,1 Jan 2025
Cat Lover,71048-11,Collectable Minifigures,7,3.8,106,0,,No,1 Jan 2025
Steampunk Inventor,71048-12,Collectable Minifigures,10,4.3,130,0,,No,1 Jan 2025
LEGO Minifigures - Series 27 - Complete,71048-13,Collectable Minifigures,104,4.2,36,1,,No,1 Jan 2025
LEGO Minifigures - Series 27 - Sealed Box,71048-14,Collectable Minifigures,,,0,0,,No,1 Jan 2025
LEGO Collectables - F1 Race Cars {Random pack},71049-0,Collectable Minifigures,29,4.0,18,2,,No,1 May 2025
Red Bull,71049-1,Collectable Minifigures,29,3.7,40,0,,Yes,1 May 2025
Mercedes,71049-2,Collectable Minifigures,29,3.7,39,0,,No,1 May 2025
Ferrari,71049-3,Collectable Minifigures,29,3.8,49,0,,No,1 May 2025
McLaren,71049-4,Collectable Minifigures,29,3.6,41,0,,No,1 May 2025
Aston Martin,71049-5,Collectable Minifigures,29,3.7,34,0,,No,1 May 2025
Alpine,71049-6,Collectable Minifigures,29,3.6,36,0,,No,1 May 2025
Williams,71049-7,Collectable Minifigures,29,3.7,35,0,,No,1 May 2025
Visa Cash App,71049-8,Collectable Minifigures,29,3.4,29,0,,No,1 May 2025
Sauber,71049-9,Collectable Minifigures,29,3.5,40,0,,No,1 May 2025
Haas,71049-10,Collectable Minifigures,29,3.7,26,0,,No,1 May 2025
F1 Academy,71049-11,Collectable Minifigures,29,3.4,30,0,,No,1 May 2025
Generic,71049-12,Collectable Minifigures,29,3.6,38,0,,No,1 May 2025
LEGO Collectables - F1 Race Cars - Complete,71049-13,Collectable Minifigures,348,3.6,16,1,,No,1 May 2025
LEGO Collectables - F1 Race Cars - Sealed Box,71049-14,Collectable Minifigures,,,0,0,,No,1 May 2025
LEGO Minifigures - Spider-Man: Across the Spider-Verse Series {Random pack},71050-0,Collectable Minifigures,,3.6,11,0,,No,1 Sep 2025
Miles Morales / Spider-Man,71050-1,Collectable Minifigures,7,3.8,95,0,,Yes,1 Sep 2025
Hobie Brown / Spider-Punk,71050-2,Collectable Minifigures,8,4.6,110,2,,No,1 Sep 2025
Miles G. Morales / Prowler,71050-3,Collectable Minifigures,10,4.2,90,1,,No,1 Sep 2025
Gwen Stacy / Spider-Gwen,71050-4,Collectable Minifigures,8,4.4,99,1,,No,1 Sep 2025
Miguel O'Hara / Spider-Man 2099,71050-5,Collectable Minifigures,8,4.6,113,1,,No,1 Sep 2025
Pavitr Prabhakar / Spider-Man India,71050-6,Collectable Minifigures,8,4.4,92,0,,No,1 Sep 2025
Petra Parker / Cyborg Spider-Woman,71050-7,Collectable Minifigures,8,3.9,74,0,,No,1 Sep 2025
Charlotte Webber / Sun-Spider,71050-8,Collectable Minifigures,7,3.7,70,0,,No,1 Sep 2025
Margo Kess / Spider-Byte,71050-9,Collectable Minifigures,7,4.0,80,0,,No,1 Sep 2025
Peter B. Parker / Spider-Man & May 'Mayday' Parker,71050-10,Collectable Minifigures,8,4.2,83,1,,No,1 Sep 2025
Patrick O'Hara / Web-Slinger,71050-11,Collectable Minifigures,9,4.3,88,1,,No,1 Sep 2025
Peter Parker / Werewolf Spider-Man,71050-12,Collectable Minifigures,5,4.0,76,1,,No,1 Sep 2025
LEGO Minifigures - Spider-Man: Across the Spider-Verse Series - Complete,71050-13,Collectable Minifigures,93,4.3,55,1,,No,1 Sep 2025
LEGO Minifigures - Spider-Man: Across the Spider-Verse Series - Sealed Box,71050-14,Collectable Minifigures,,,0,0,,No,1 Sep 2025
Tropical Toucan,30688-1,Creator,59,3.7,72,0,,Yes,1 Jan 2025
Birthday Party Animals,30689-1,Creator,60,3.4,19,0,,Yes,1 Jan 2025
Easter Egg Chick Painting Fun,30690-1,Creator,65,3.1,44,0,,Yes,1 Feb 2025
Mini Convertible Monster Truck,30691-1,Creator,55,3.5,12,0,,Yes,1 Jan 2025
Christmas Chimney Fun with Santa,30692-1,Creator,60,3.4,22,2,,Yes,1 Jun 2025
Surprising Spider,31159-1,Creator,153,3.9,43,3,11 x 15 x 5 cm,Yes,1 Jan 2025
Race Plane,31160-1,Creator,178,3.6,43,0,20 x 21 x 7 cm,Yes,1 Jan 2025
Medieval Dragon,31161-1,Creator,715,4.6,82,1,13 x 39 x 52 cm,Yes,1 Jan 2025
Cute Bunny,31162-1,Creator,326,3.7,49,1,,Yes,1 Jan 2025
Playful Cat,31163-1,Creator,407,4.1,50,0,15 x 15 x 8 cm,Yes,1 Jan 2025
Space Robot,31164-1,Creator,281,4.1,26,0,,Yes,1 Jan 2025
Panda Family,31165-1,Creator,626,4.2,63,0,,Yes,1 Jan 2025
Beautiful Horse,31166-1,Creator,685,4.0,7,0,23 x 24 x 8 cm,Yes,1 Aug 2025
Haunted Mansion,31167-1,Creator,736,4.1,67,2,25 x 24 x 15 cm,Yes,1 Aug 2025
Medieval Horse Knight Castle,31168-1,Creator,1371,4.2,49,1,31 x 36 x 30 cm,Yes,1 Aug 2025
Typewriter with Flowers,31169-1,Creator,363,4.2,38,0,13 x 11 x 16 cm,Yes,1 Jan 2025
Pink Flamingo,31170-1,Creator,288,4.1,40,1,,Yes,1 Mar 2025
Majestic Rhino,31171-1,Creator,780,4.0,15,0,12 x 24 x 7 cm,Yes,1 Aug 2025
Record Player with Flowers,31172-1,Creator,366,4.1,21,0,12 x 12 x 7 cm,Yes,1 Mar 2025
Tropical Toucan,31173-1,Creator,225,3.8,34,1,,Yes,1 Aug 2025
Retro Telephone,31174-1,Creator,383,3.6,21,0,15 x 11 x 7 cm,Yes,1 Aug 2025
Unicorn Castle,31175-1,Creator,390,3.5,17,0,23 x 19 x 11 cm,Yes,1 Aug 2025
Celebration Series: Ferris Wheel with Fireworks,40758-1,Creator,230,3.3,40,0,22 x 15 x 9 cm,Yes,1 Jan 2025
Celebration Series: Valentine's Day Box,40759-1,Creator,172,3.6,57,0,10 x 10 x 6 cm,Yes,14 Jan 2025
Children's Day Teddy Bear,40763-1,Creator,238,3.6,19,0,,Yes,1 Apr 2025
Celebration Series: Luminous Ghost,40772-1,Creator,167,3.9,57,1,12 x 13 x 5 cm,Yes,28 Sep 2025
Celebration Series: Gingerbread Train Ornament,40777-1,Creator,190,4.0,35,0,10 x 12 x 6 cm,Yes,10 Dec 2025
Italy Postcard,40818-1,Creator,189,3.9,31,0,14 x 9 x 4 cm,Yes,1 Jun 2025
Animal Lover's Gift Set,66810-1,Creator,733,,0,0,,No,1 Aug 2025
Arkham Asylum,76300-1,DC Comics Super Heroes,2953,4.5,67,0,32 x 25 x 26 cm,Yes,9 Sep 2025
Batman & Batmobile vs. Mr. Freeze,76301-1,DC Comics Super Heroes,63,3.4,13,0,11 x 5 x 5 cm,Yes,1 Jan 2025
Superman Mech vs. Lex Luthor,76302-1,DC Comics Super Heroes,120,3.8,76,1,,Yes,1 Jan 2025
Batman Tumbler vs. Two-Face & The Joker,76303-1,DC Comics Super Heroes,429,3.9,87,0,17 x 11 x 6 cm,Yes,1 Jan 2025
Batman Forever Batmobile,76304-1,DC Comics Super Heroes,909,4.1,40,0,17 x 41 x 12 cm,Yes,1 Aug 2025
Off-road Batmobile,212501-1,DC Comics Super Heroes,45,,0,0,,No,
Batcopter,212502-1,DC Comics Super Heroes,36,,0,0,,No,
Batman with Jetpack,212503-1,DC Comics Super Heroes,28,,0,0,,No,
Superman,212504-1,DC Comics Super Heroes,5,,0,0,,No,
Superman,212504-2,DC Comics Super Heroes,5,4.1,10,0,,No,
The Joker with Robot,212505-1,DC Comics Super Heroes,23,,0,0,,No,
Batgirl,212506-1,DC Comics Super Heroes,11,,0,0,,No,
Cinderella's Mini Garden Castle,30695-1,Disney,52,3.6,10,0,,Yes,1 Jan 2025
Classic Animation Scenes,40774-1,Disney,270,3.9,57,1,12 x 17 x 4 cm,Yes,10 Oct 2025
Anna's Sleigh Adventure,43256-1,Disney,192,,0,0,12 x 8 x 8 cm,Yes,1 Jan 2025
Angel,43257-1,Disney,784,3.9,15,0,,Yes,1 Jun 2025
Kakamora Barge,43258-1,Disney,572,,0,0,22 x 29 x 14 cm,Yes,1 Jun 2025
Twirling Ariel,43259-1,Disney,93,4.0,14,0,11 x 6 x 5 cm,Yes,1 Jan 2025
Moana's Island Fun,43260-1,Disney,175,3.8,8,0,10 x 10 x 8 cm,Yes,1 Jan 2025
Encanto Mini House,43261-1,Disney,186,,0,0,14 x 12 x 8 cm,Yes,1 Jan 2025
Maleficent's and Cruella De Vil's Dresses,43262-1,Disney,524,4.7,6,0,24 x 10 x 10 cm,Yes,1 Mar 2025
Beauty and the Beast Castle,43263-1,Disney,2916,4.1,17,0,53 x 33 x 15 cm,Yes,1 Apr 2025
Toy Story Celebration Train & RC Car,43264-1,Disney,206,3.5,8,0,10 x 32 x 5 cm,Yes,1 Jun 2025
Arendelle Frozen Castle,43265-1,Disney,177,4.2,5,0,25 x 6 x 4 cm,Yes,1 Jan 2025
Cinderella's Dress,43266-1,Disney,474,,0,0,23 x 11 x 10 cm,Yes,1 Mar 2025
Princess Castle & Royal Pets,43267-1,Disney,787,,0,0,32 x 46 x 10 cm,Yes,1 Jun 2025
Lilo and Stitch Beach House,43268-1,Disney,834,4.2,34,0,17 x 35 x 14 cm,Yes,1 Mar 2025
101 Dalmatians Puppy,43269-1,Disney,1722,4.6,12,0,,Yes,1 Jun 2025
Moana's Adventure Canoe,43270-1,Disney,529,,0,0,26 x 22 x 12 cm,Yes,1 Jan 2025
Lucky & Penny 101 Dalmatians Puppies,43271-1,Disney,268,3.8,15,0,,Yes,1 Jun 2025
Heihei,43272-1,Disney,566,3.9,38,1,,Yes,1 Mar 2025
LEGO Disney Advent Calendar 2025,43273-1,Disney,231,3.4,5,0,,Yes,1 Sep 2025
Minnie's Pet Hotel,43274-1,Disney,161,,0,0,19 x 23 x 12 cm,Yes,1 Jun 2025
Cinderella's Castle & Horse Carriage,43275-1,Disney,596,,0,0,29 x 28 x 9 cm,Yes,1 Jan 2025
Cruella De Vil's Car,43277-1,Disney,378,4.1,20,0,25 x 6 x 7 cm,Yes,1 Sep 2025
Mini Arendelle Castle & Elsa's Ice Palace,43278-1,Disney,306,,0,0,15 x 8 x 8 cm,Yes,1 Jun 2025
WALL-E and EVE,43279-1,Disney,811,4.6,104,2,,Yes,1 Sep 2025
Cooper's Flying Controller Mini Build,30698-1,Dreamzzz,53,3.9,24,0,,Yes,1 Jan 2025
Z-Blob's Robot and Vehicle Adventures,71487-1,Dreamzzz,121,3.6,47,2,10 x 8 x 6 cm,Yes,1 Jan 2025
Bunchu's Creative Animal Adventures,71488-1,Dreamzzz,143,3.6,26,1,12 x 6 x 8 cm,Yes,1 Jan 2025
Cooper's Gaming Controller Jet,71489-1,Dreamzzz,266,3.6,29,0,22 x 18 x 4 cm,Yes,1 Jan 2025
Izzie and Bunchurro the Gaming Bunny,71490-1,Dreamzzz,252,3.7,22,1,18 x 12 x 9 cm,Yes,1 Jan 2025
Mateo and the Z-Blob Action Race Car,71491-1,Dreamzzz,485,3.4,22,0,10 x 23 x 15 cm,Yes,1 Jan 2025
Mateo's Fire Chameleon,71492-1,Dreamzzz,443,4.3,12,0,16 x 33 x 11 cm,Yes,1 Jun 2025
Zoey's Time Owl,71494-1,Dreamzzz,359,2.9,8,0,,Yes,1 Jun 2025
Mateo vs. Cyber Brain Mech,71495-1,Dreamzzz,368,4.1,23,1,,Yes,1 Jun 2025
Cooper's Tiger Mech & Zero's Hot Rod Car,71497-1,Dreamzzz,1006,3.3,19,1,31 x 24 x 19 cm,Yes,1 Jan 2025
Mateo's Spray Paint Truck,71499-1,Dreamzzz,929,4.4,14,0,19 x 42 x 14 cm,Yes,1 Jun 2025
Nightmare Shark Submarine,71500-1,Dreamzzz,1413,4.5,16,1,25 x 51 x 24 cm,Yes,1 Aug 2025
{?},71501-1,Dreamzzz,1575,,0,0,,No,
Cooper with Giga-Shooter,552501-1,Dreamzzz,21,,0,0,,No,
Zero,552502-1,Dreamzzz,9,4.7,6,0,,No,
Dooper,552503-1,Dreamzzz,22,,0,0,,No,
Dreamzzz Zblob,6565157-1,Dreamzzz,34,,0,0,,No,
Train Tunnel and Tracks,10425-1,Duplo,20,,0,0,20 x 16 x 15 cm,Yes,1 Jan 2025
Train Bridge and Tracks,10426-1,Duplo,42,,0,0,105 x 24 x 16 cm,Yes,1 Jan 2025
Interactive Adventure Train,10427-1,Duplo,57,,0,0,13 x 71 x 57 cm,Yes,1 Jan 2025
Big Interactive Community Train,10428-1,Duplo,103,,0,0,,Yes,1 Jan 2025
Balancing & Stacking Tree,10440-1,Duplo,27,,0,0,28 x 31 x 9 cm,Yes,1 Jan 2025
Shape Sorter: Puppy House,10441-1,Duplo,17,,0,0,,Yes,1 Jun 2025
Wild Animal Families: Penguins & Lions,10442-1,Duplo,10,4.1,11,0,13 x 22 x 7 cm,Yes,1 Jan 2025
First Time at the Airport,10443-1,Duplo,23,,0,0,10 x 18 x 18 cm,Yes,1 Jun 2025
Creative Garden & Flowers,10444-1,Duplo,45,,0,0,,Yes,1 Jan 2025
F1 Team Racing Cars & Drivers,10445-1,Duplo,70,,0,0,16 x 38 x 6 cm,Yes,1 Jan 2025
3in1 Wild Animal Families,10446-1,Duplo,92,,0,0,20 x 34 x 22 cm,Yes,1 Jan 2025
Ambulance Driver,10447-1,Duplo,19,,0,0,10 x 14 x 7 cm,Yes,1 Jan 2025
3in1 Animals on Wheels,10448-1,Duplo,58,,0,0,,Yes,1 Jun 2025
First Time: Visit with the Doctor,10449-1,Duplo,65,,0,0,26 x 19 x 13 cm,Yes,1 Jan 2025
Hopsy's Castle Game,10450-1,Duplo,47,,0,0,,Yes,1 Jun 2025
3in1 Dinosaurs on Wheels,10451-1,Duplo,108,,0,0,,Yes,1 Jun 2025
Camping Trip,10452-1,Duplo,32,,0,0,14 x 10 x 4 cm,Yes,1 Mar 2025
Funfair,10453-1,Duplo,53,,0,0,28 x 20 x 14 cm,Yes,1 Mar 2025
Mickey Mouse Clubhouse & Car,10454-1,Duplo,27,,0,0,16 x 22 x 11 cm,Yes,1 Mar 2025
Anna and Elsa's Frozen Castle Party,10455-1,Duplo,54,,0,0,36 x 56 x 21 cm,Yes,1 Jun 2025
McQueen's Visit to Doc's Garage,10456-1,Duplo,35,,0,0,19 x 48 x 12 cm,Yes,1 Jun 2025
Winnie the Pooh's Birthday Party,10457-1,Duplo,22,,0,0,15 x 11 x 7 cm,Yes,1 Mar 2025
Ice Cream Trip with Bluey,10458-1,Duplo,22,,0,0,13 x 15 x 10 cm,Yes,1 Jun 2025
Bluey's Family House with Memory Game,10459-1,Duplo,83,,0,0,30 x 51 x 37 cm,Yes,1 Jun 2025
Green Building Plate,10460-1,Duplo,1,,0,1,,No,
Grandpa Pig's Garden and Greenhouse,10461-1,Duplo,102,,0,0,19 x 60 x 34 cm,Yes,1 Jun 2025
My First Flower & Bee,30686-1,Duplo,7,,0,0,,Yes,1 Jan 2025
Science Kit Year 1-3,45620-1,Education,278,,0,0,,No,
Science Kit Year 4-6,45621-1,Education,336,,0,0,,No,
Science Kit Year 7-9,45622-1,Education,424,,0,0,,No,
Multi-charger,45623-1,Education,3,,0,0,,No,
Multi-charger,45624-1,Education,1,,0,0,,No,
Single Motor,45650-1,Education,1,,0,0,,No,
Double Motor,45651-1,Education,1,,0,0,,No,
Controller,45652-1,Education,1,,0,0,,No,
Color Sensor,45653-1,Education,1,,0,0,,No,
Replacement Pack for Elementary School,45654-1,Education,350,,0,0,,No,
Replacement Pack for Middle School,45655-1,Education,381,,0,0,,No,
AC Cable,45656-1,Education,1,,0,0,,No,
Connection Cards (8 pack),45657-1,Education,8,,0,0,,No,
FIRST LEGO League Challenge 2025 - Unearthed,45829-1,Education,1725,,0,0,,No,
FIRST LEGO League Challenge 2025 - Unearthed Explore Set,45830-1,Education,692,,0,0,,No,
FIRST LEGO League Challenge 2025 - Unearthed Discover Set,45831-1,Education,,,0,0,,No,
Marketing Kit,2000483-1,Education,126,,0,0,,No,
Peely & Sparkplug's Camp,77075-1,Fortnite,250,3.8,25,0,10 x 9 x 6 cm,Yes,1 Jun 2025
Durrr Burger Restaurant,77076-1,Fortnite,546,3.6,21,0,27 x 18 x 9 cm,Yes,1 Jun 2025
Klombo,77077-1,Fortnite,1084,4.6,11,0,,Yes,1 Jun 2025
Mecha Team Leader,77078-1,Fortnite,2503,4.7,9,1,,Yes,1 Aug 2025
Autumn's Waffle Stand,30696-1,Friends,37,3.7,23,0,,Yes,1 Jan 2025
Nova's Doghouse Build,30697-1,Friends,50,3.4,10,0,,Yes,1 Jan 2025
Guinea Pig Playground,42640-1,Friends,86,3.7,15,1,12 x 8 x 9 cm,Yes,1 Jan 2025
Surfing Dogs and Scooter Adventure,42641-1,Friends,113,3.7,22,0,11 x 10 x 4 cm,Yes,1 Jan 2025
Friendship Movie Night,42642-1,Friends,154,3.5,18,1,11 x 9 x 9 cm,Yes,1 Jun 2025
Cotton Candy Stand and Scooter,42643-1,Friends,110,4.3,11,0,8 x 8 x 5 cm,Yes,1 Jan 2025
Heartlake City Ice Cream Truck,42644-1,Friends,92,,0,0,13 x 8 x 7 cm,Yes,1 Jan 2025
Aliya's Baby Sister's Playroom,42645-1,Friends,125,3.7,10,1,13 x 5 x 7 cm,Yes,1 Jan 2025
Autumn's Room,42646-1,Friends,222,3.6,7,0,13 x 11 x 7 cm,Yes,1 Jan 2025
Paisley's Room,42647-1,Friends,199,3.6,13,1,14 x 7 x 9 cm,Yes,1 Jan 2025
Panda Sanctuary,42648-1,Friends,243,2.2,5,0,15 x 17 x 16 cm,Yes,1 Jun 2025
Heartlake City Candy Store,42649-1,Friends,376,4.0,10,0,11 x 16 x 16 cm,Yes,1 Jan 2025
Pet Accessories Shop,42650-1,Friends,375,4.3,7,0,14 x 20 x 12 cm,Yes,1 Jan 2025
Horse and Pet Vet Clinic,42651-1,Friends,428,,0,0,15 x 20 x 9 cm,Yes,1 Jan 2025
Friendship Tree House Hangout,42652-1,Friends,701,,0,0,31 x 28 x 15 cm,Yes,1 Jan 2025
Music Shop & Apartment,42653-1,Friends,483,,0,0,18 x 18 x 10 cm,Yes,1 Jun 2025
Pony Ranch & Stable,42654-1,Friends,727,,0,0,17 x 33 x 14 cm,Yes,1 Jun 2025
Restaurant and Cooking School,42655-1,Friends,896,,0,0,20 x 19 x 14 cm,Yes,1 Jan 2025
Heartlake City Airport and Airplane,42656-1,Friends,958,4.6,9,0,13 x 31 x 25 cm,Yes,1 Jan 2025
Unicorn & Flamingo Pool Party,42658-1,Friends,99,4.2,6,0,5 x 8 x 7 cm,Yes,1 Jun 2025
Friendship Road-Trip Travel Car,42659-1,Friends,220,3.7,9,0,19 x 8 x 6 cm,Yes,1 Jun 2025
Costume Party,42661-1,Friends,261,3.2,6,0,25 x 8 x 5 cm,Yes,1 Jun 2025
Hair Salon and Accessories Store,42662-1,Friends,347,4.2,5,0,15 x 19 x 8 cm,Yes,1 Jan 2025
Friendship Camper Van Adventure,42663-1,Friends,778,4.2,12,0,15 x 23 x 8 cm,Yes,1 Jan 2025
Travel Boat Adventure,42664-1,Friends,685,,0,0,26 x 32 x 19 cm,Yes,1 Jun 2025
Puppy Playground,42665-1,Friends,66,4.2,6,0,14 x 9 x 6 cm,Yes,1 Jun 2025
Cat Birthday Party,42666-1,Friends,321,3.8,6,0,18 x 16 x 10 cm,Yes,1 Jun 2025
LEGO Friends Advent Calendar 2025,42668-1,Friends,237,,0,0,,Yes,1 Sep 2025
Beekeepers' House and Flower Garden,42669-1,Friends,1161,4.2,25,1,18 x 36 x 19 cm,Yes,1 Jan 2025
Heartlake City Apartments and Stores,42670-1,Friends,2040,3.1,9,1,31 x 39 x 14 cm,Yes,1 Jan 2025
Plant Café & Flower Shop,42671-1,Friends,1138,4.4,8,0,15 x 32 x 13 cm,Yes,1 Jun 2025
Creative Beach and Travel Suitcase,42672-1,Friends,188,,0,0,11 x 11 x 3 cm,Yes,1 Jan 2025
Family Vacation Beach Resort,42673-1,Friends,1140,,0,0,18 x 45 x 24 cm,Yes,1 Jun 2025
Comic Book and Game Store,42674-1,Friends,1005,4.9,6,1,18 x 30 x 17 cm,Yes,1 Jun 2025
Explore Outdoors Gift Set,66806-1,Friends,521,,0,0,,No,1 Aug 2025
Honey Bee Farm,562412-1,Friends,26,,0,0,,No,
Aira at Veterinary Station,562501-1,Friends,21,,0,0,,No,
Paisley and Melody with Seesaw,562502-1,Friends,12,,0,0,,No,
Ice Cream Shop,562503-1,Friends,29,,0,0,,No,
Cat Tree with Kitten,562504-1,Friends,21,,0,0,,No,
Puppy's Stage,562505-1,Friends,28,,0,0,,No,
Pet Shop,PETSHOP-1,Friends,29,,0,0,,No,
Mermaid Gabby's Aquarium Adventure,11204-1,Gabby's Dollhouse,103,,0,0,15 x 23 x 7 cm,Yes,1 Aug 2025
Sweet Treat Mountain & Kitty Garden,11205-1,Gabby's Dollhouse,263,,0,0,17 x 19 x 9 cm,Yes,1 Aug 2025
LEGO Flower Vase,109865-1,Gear,,,0,0,,No,
Shadow the Hedgehog Key Chain,854302-1,Gear,,4.2,5,0,,No,
Bright Bluish Green 2x4 Stud Key Chain,854303-1,Gear,,,0,0,,No,
Medium Lavender 2x4 Stud Key Chain,854304-1,Gear,,,0,0,,No,
Silver Minifigure Key Chain,854305-1,Gear,,4.1,8,0,,No,
Mushroom Girl Key Chain,854306-1,Gear,,,0,0,,No,
Mateo's Z-Blob Sword,854307-1,Gear,,,0,0,,No,
Izzie's Sword,854308-1,Gear,,,0,0,,No,
Dragonian Warrior Axe,854309-1,Gear,,,0,0,,No,
Ninja Double Katanas,854310-1,Gear,,,0,0,,No,
Lloyd's Sword with Sheath,854311-1,Gear,,,0,0,,No,
R2-D2 Key Chain,854312-1,Gear,,,0,0,,No,
C-3PO Key Chain,854313-1,Gear,,4.3,6,0,,No,
Baby Ankylosaurus Key Chain,854316-1,Gear,,,0,0,,No,
T. rex Suit Guy Key Chain,854317-1,Gear,,,0,0,,No,
Stitch Key Chain,854319-1,Gear,,,0,0,,No,
Batgirl Key Chain,854320-1,Gear,,,0,0,,No,
The Hulk Key Chain,854321-1,Gear,,,0,0,,No,
Classic Box – White,5006952-1,Gear,,,0,0,,No,
Classic Box – Pink,5006954-1,Gear,,,0,0,,No,
Pen Pal Gel Pen with Minifigure – Black,5007200-1,Gear,,,0,0,,No,
Pen Pal Gel Pen with Minifigure – Blue,5007201-1,Gear,,,0,0,,No,
Pen Pal Gel Pen with Minifigure – Red,5007209-1,Gear,,,0,0,,No,
R2 D2 Key Light,5007807-1,Gear,,,0,0,,No,
Chocolate Bunny Key Light,5007811-1,Gear,,,0,0,,No,
Bunny Suit Guy Key Light,5007812-1,Gear,,,0,0,,No,
LEGO Shoe Charms Pack,5007977-1,Gear,,,0,0,,No,
Boba Fett Key Light,5007996-1,Gear,,,0,0,,No,
Minifigure Display Case 8 – Sand Green,5008021-1,Gear,,,0,0,,No,
Lightsaber Gel Pens – 10 Pack,5008302-1,Gear,,,0,0,,No,
Cap Patches,5008652-1,Gear,,,0,0,,No,
Minifigure Patch Backpack – New York,5008692-1,Gear,,,0,0,,No,
Brick Pouch – Flame Orange,5008702-1,Gear,,,0,0,,No,
Brick Lunch Bag – Light Pink,5008715-1,Gear,,,0,0,,No,
Brick Lunch Bag – Gray,5008717-1,Gear,,,0,0,,No,
Lightsaber Gel Pens – 4 Pack,5008814-1,Gear,,,0,0,,No,
Panda Guy Key Light,5008869-1,Gear,,,0,0,,No,
Video Game Guy Key Light,5008990-1,Gear,,,0,0,,No,
Darth Vader Notebook & Lightsaber Pen,5009006-1,Gear,,,0,0,,No,
Locking Notebook with Gel Pen – Blue,5009062-1,Gear,,,0,0,,No,
Locking Notebook with Gel Pen – Violet,5009063-1,Gear,,,0,0,,No,
Locking Notebook with Gel Pen – Red,5009064-1,Gear,,,0,0,,No,
Locking Notebook with Gel Pen – Yellow,5009065-1,Gear,,,0,0,,No,
Locking Notebook with Gel Pen – Green,5009066-1,Gear,,,0,0,,No,
Locking Notebook with Gel Pen – Black,5009067-1,Gear,,,0,0,,No,
Piggy Guy Key Light,5009150-1,Gear,,,0,0,,No,
Pug Costume Guy Key Light,5009151-1,Gear,,,0,0,,No,
Easter Tote Bag,5009187-1,Gear,,,0,0,,No,
Churro Cat Plush,5009236-1,Gear,,,0,0,,No,
Shadow Cat Plush,5009237-1,Gear,,,0,0,,No,
Herschel Heritage Crossbody – Abstract Bricks,5009271-1,Gear,,,0,0,,No,
Herschel Classic XL Backpack – Abstract Bricks,5009272-1,Gear,,,0,0,,No,
Herschel Classic XL Backpack – Garden Floral,5009273-1,Gear,,,0,0,,No,
Herschel Heritage Backpack – Abstract Bricks,5009274-1,Gear,,,0,0,,No,
Herschel Heritage Tote – Abstract Bricks,5009275-1,Gear,,,0,0,,No,
Herschel Heritage Duffle – Abstract Bricks,5009276-1,Gear,,,0,0,,No,
Herschel Little America Backpack – Abstract Bricks,5009277-1,Gear,,,0,0,,No,
Herschel Classic Hip Pack – Abstract Bricks,5009278-1,Gear,,,0,0,,No,
Herschel Classic Hip Pack – Garden Floral,5009279-1,Gear,,,0,0,,No,
Herschel Retreat Small Backpack – Garden Floral,5009280-1,Gear,,,0,0,,No,
Herschel Retreat Tote – Garden Floral,5009281-1,Gear,,,0,0,,No,
Herschel Heritage Hip Pack Little Herschel – Scavenger Hunt Bricks,5009282-1,Gear,,,0,0,,No,
Herschel Heritage Hip Pack Little Herschel – Scavenger Hunt Meadow,5009283-1,Gear,,,0,0,,No,
Herschel Heritage Youth Backpack – Scavenger Hunt Bricks,5009284-1,Gear,,,0,0,,No,
Herschel Heritage Youth Backpack – Scavenger Hunt Meadow,5009285-1,Gear,,,0,0,,No,
Herschel Pop Quiz Lunch Box – Abstract Bricks,5009286-1,Gear,,,0,0,,No,
Herschel Pop Quiz Lunch Box – Garden Floral,5009287-1,Gear,,,0,0,,No,
Herschel Pop Quiz Lunch Box  – Scavenger Hunt Bricks,5009288-1,Gear,,,0,0,,No,
Herschel Pop Quiz Lunch Box – Scavenger Hunt Meadow,5009289-1,Gear,,,0,0,,No,
Herschel Settlement Pencil Case – Scavenger Hunt Bricks,5009290-1,Gear,,,0,0,,No,
Herschel Settlement Pencil Case – Scavenger Hunt Meadow,5009291-1,Gear,,,0,0,,No,
Settlement Pencil Case – Abstract Bricks,5009292-1,Gear,,,0,0,,No,
Settlement Pencil Case – Garden Floral,5009293-1,Gear,,,0,0,,No,
Butterflies Blooms 1 000 Piece Puzzle,5009302-1,Gear,,,0,0,,No,
2026 Wall Calendar,5009303-1,Gear,,,0,0,,No,
Purple Clear Brick Shaped Storage Box,5009339-1,Gear,,,0,0,,No,
Light Blue Clear Brick Shaped Storage Box,5009340-1,Gear,,,0,0,,No,
White Clear Brick Shaped Storage Box,5009341-1,Gear,,,0,0,,No,
Pink Clear Brick Shaped Storage Box,5009342-1,Gear,,,0,0,,No,
Red Compartment Storage Box,5009343-1,Gear,,,0,0,,No,
NINJAGO Lunch Set – Green,5009344-1,Gear,,,0,0,,No,
Firework Guy Lunch Set,5009345-1,Gear,,,0,0,,No,
Brick Pattern Lunch Set,5009346-1,Gear,,,0,0,,No,
Bee Girl Lunch Set,5009347-1,Gear,,,0,0,,No,
Brick Like This!,5009371-1,Gear,,,0,0,,No,
Brick Like This!,5009372-1,Gear,,,0,1,,No,
Brick Like This!,5009373-1,Gear,,,0,0,,No,
Brick Like This!,5009374-1,Gear,,,0,0,,No,
LEGO Star Wars Pencil Box,5009393-1,Gear,,,0,0,,No,
Jango Fett's Starship Key Chain,5009394-1,Gear,,4.0,16,0,,No,
E-Sports Gamer Girl Key Light,5009413-1,Gear,,,0,0,,No,
Chewbacca Key Light,5009414-1,Gear,,,0,0,,No,
Pirate Princess Key Light,5009415-1,Gear,,,0,0,,No,
LEGO Logo Journal,5009438-1,Gear,,,0,0,,No,
Note Brick,5009461-1,Gear,,,0,0,,No,
Gingerbread Man Keepsake Ornament,5009469-1,Gear,,,0,0,,No,
Santa Claus Keepsake Ornament,5009470-1,Gear,,,0,0,,No,
Astronaut Keepsake Ornament,5009471-1,Gear,,,0,0,,No,
Brick Suit Girl Keepsake Ornament,5009472-1,Gear,,,0,0,,No,
Brick Suit Guy Keepsake Ornament,5009473-1,Gear,,,0,0,,No,
T. rex Costume Fan Key Light,5009480-1,Gear,,,0,0,,No,
Triceratops Costume Fan Key Light,5009481-1,Gear,,,0,0,,No,
Mushroom Sprite Key Light,5009483-1,Gear,,,0,0,,No,
Corn Cob Guy Key Light,5009485-1,Gear,,,0,0,,No,
Skeleton Head Glow In The Dark Bag Tag,5009498-1,Gear,,,0,0,,No,
Space Baby Bag Tag – Pink,5009499-1,Gear,,,0,0,,No,
Space Baby Bag Tag – Blue,5009500-1,Gear,,,0,0,,No,
Ghost Glow In The Dark Bag Tag,5009501-1,Gear,,,0,0,,No,
3x3 Heart Bag Tag – Red,5009504-1,Gear,,,0,0,,No,
'Flying with the Fetts' Poster,5009512-1,Gear,,4.3,6,0,,No,
Tiny Garden 1000-Piece Puzzle,5009521-1,Gear,,,0,0,,No,
Mystery Minifigure Mini Puzzle – Christmas Edition 2,5009522-1,Gear,,,0,0,,No,
Orchid Bag Tag,5009523-1,Gear,,,0,0,,No,
Rose Bag Tag,5009524-1,Gear,,,0,0,,No,
Reclaim and Recycle Notebook with Gel Pen – Thoughts,5009525-1,Gear,,,0,0,,No,
Notebook with Gel Pen,5009526-1,Gear,,,0,0,,No,
Tab Notebook,5009527-1,Gear,,,0,0,,No,
Friends Notebook,5009528-1,Gear,,,0,0,,No,
Space Traveller Backpack,5009538-1,Gear,,,0,0,,No,
Heritage Backpack – Checkered Brick,5009539-1,Gear,,,0,0,,No,
Botanicals Backpack – Purple Bouquet,5009540-1,Gear,,,0,0,,No,
Purple Bouquet Lunch Bag,5009541-1,Gear,,,0,0,,No,
Hot Dog Guy Tote,5009542-1,Gear,,,0,0,,No,
Butterfly Girl Tote,5009543-1,Gear,,,0,0,,No,
Hot Dog Guy Lanyard,5009544-1,Gear,,,0,0,,No,
Butterfly Girl Lanyard,5009545-1,Gear,,,0,0,,No,
NINJAGO Stronger Together Backpack,5009546-1,Gear,,,0,0,,No,
NINJAGO Stronger Together Lunch Bag,5009547-1,Gear,,,0,0,,No,
NINJAGO Stronger Together Wallet,5009548-1,Gear,,,0,1,,No,
Adult Tech Backpack – Brick Outline,5009549-1,Gear,,,0,0,,No,
Lenticular Coin,5009550-1,Gear,,3.9,11,0,,No,
Ice Pop Tray,5009555-1,Gear,,3.0,5,0,,No,8 Jul 2025
Tab Notebook,5009556-1,Gear,,,0,0,,No,
Backpack – Hippo,5009576-1,Gear,,,0,0,,No,
Harry Potter Prints 5-8,5009593-1,Gear,,,0,0,,No,
Race Car Driver Key Light,5009631-1,Gear,,,0,0,,No,
Game Controller Bag Charm,5009861-1,Gear,,,0,0,,No,
Zombie Storage Head – Small,5009862-1,Gear,,,0,0,,No,
Snowman Storage Head - Small,5009863-1,Gear,,,0,0,,No,
Zombie Storage Head – Large,5009864-1,Gear,,,0,0,,No,
Snowman Storage Head - Large,5009865-1,Gear,,,0,0,,No,
Hogsmeade Sign,5009867-1,Gear,,2.8,5,0,,No,
Nike x LEGO Collection T-Shirt,5009868-1,Gear,,,0,0,,No,
Nike Air Max Dn x LEGO Collection,5009869-1,Gear,,,0,0,,No,
Nike x LEGO Collection Basketball,5009870-1,Gear,,,0,0,,No,
Nike x LEGO Collection Basketball,5009871-1,Gear,,,0,0,,No,
Italian Riviera Notebook,5009872-1,Gear,,,0,0,,No,
Luke Skywalker Pilot Key Light,5009893-1,Gear,,,0,0,,No,
Countdown to Christmas Puzzles: 12 Days of Minifigure Advent Puzzles,5009894-1,Gear,,,0,0,,No,
Minifigure Notecards 12 Shaped Notecards with Envelopes,5009897-1,Gear,,,0,0,,No,
Minifigure Shaped Cushion,5009898-1,Gear,,,0,0,,No,
Masterbrand Sherpa Backed Throw,5009899-1,Gear,,,0,0,,No,
Zombie Mug - Small,5009903-1,Gear,,,0,0,,No,
Snowman Mug - Small,5009904-1,Gear,,,0,0,,No,
Zombie Mug – Large,5009905-1,Gear,,,0,0,,No,
Snowman Mug - Large,5009906-1,Gear,,,0,0,,No,
Brickbeard Poster,5009940-1,Gear,,,0,0,,No,
Nike x LEGO Collection Heritage Backpack,5009945-1,Gear,,,0,0,,No,
Nike x LEGO Collection Apex Bucket Hat,5009946-1,Gear,,,0,0,,No,
Nike x LEGO Collection Everyday Essentials Crew Socks (3 Pairs),5009947-1,Gear,,,0,0,,No,
Nike x LEGO Collection Cropped T Shirt,5009948-1,Gear,,,0,0,,No,
Nike x LEGO Collection Jacket,5009949-1,Gear,,,0,0,,No,
Nike Dunk Low x LEGO Collection – Big Kids Shoes,5009950-1,Gear,,,0,0,,No,
Nike Dunk Low x LEGO Collection – Little Kids Shoes,5009951-1,Gear,,,0,0,,No,
Nike x LEGO Collection Gathered Hair Ties (2 Pack),5009953-1,Gear,,,0,0,,No,
Kids Christmas Long Sleeve T Shirt Dark Green,5009954-1,Gear,,,0,0,,No,
Kids Christmas Long Sleeve T Shirt Dark Green,5009955-1,Gear,,,0,0,,No,
Kids Christmas Pajamas – Off White,5009956-1,Gear,,,0,0,,No,
Kids Christmas Pajamas – Off White,5009957-1,Gear,,,0,0,,No,
Adults Christmas Pajamas – Off White,5009958-1,Gear,,,0,0,,No,
Adults Christmas Pajamas – Off White,5009959-1,Gear,,,0,0,,No,
Adults Christmas Sweatshirt Dark Blue,5009960-1,Gear,,,0,0,,No,
Adults Christmas Sweatshirt Dark Blue,5009961-1,Gear,,,0,0,,No,
Adults Christmas Sweatshirt Red,5009962-1,Gear,,,0,0,,No,
Adults Christmas Sweatshirt Red,5009963-1,Gear,,,0,0,,No,
Creativity Set – Botanicals,5009964-1,Gear,,,0,0,,No,
LEGO Batman Rogues Gallery Posters,5010010-1,Gear,,,0,0,,No,
Nike x LEGO Collection Basketball,5010015-1,Gear,,,0,0,,No,
Nike x LEGO® Collection Gathered Hair Ties (2 Pack),5010016-1,Gear,,,0,0,,No,
Card Game Set,5010018-1,Gear,,,0,0,,No,
UCS Death Star Poster,5010030-1,Gear,,,0,0,,No,
Nike x LEGO® Collection Everyday Essentials Crew Socks,5010034-1,Gear,,,0,0,,No,
Nike x LEGO® Collection Heritage Backpack,5010035-1,Gear,,,0,0,,No,
Nike x LEGO® Collection Peak Beanie,5010036-1,Gear,,,0,0,,No,
NIKE x LEGO® Collection T Shirt,5010037-1,Gear,,,0,0,,No,
Nike x LEGO® Collection Pullover Hoodie,5010038-1,Gear,,,0,0,,No,
Nike x LEGO® Collection Cropped T Shirt,5010039-1,Gear,,,0,0,,No,
Nike x LEGO® Collection Logo T Shirt,5010040-1,Gear,,,0,0,,No,
Nike x LEGO® Dri FIT Jersey,5010041-1,Gear,,,0,0,,No,
Nike x LEGO® Collection Cargo Pants,5010042-1,Gear,,,0,0,,No,
Nike x LEGO® Collection Dri FIT Crossover Shorts,5010043-1,Gear,,,0,0,,No,
Nike G T Cut 3 x LEGO® Collection – Little Kids Shoes,5010044-1,Gear,,,0,0,,No,
Nike G T Cut 3 x LEGO® Collection – Big Kids Shoes,5010045-1,Gear,,,0,0,,No,
Nike Dunk Low x LEGO Collection – Little Kids Shoes,5010046-1,Gear,,,0,0,,No,
Nike Dunk Low x LEGO Collection – Big Kids Shoes,5010047-1,Gear,,,0,0,,No,
Nike Hustle D 12 x LEGO Collection – Little Kids Shoes,5010048-1,Gear,,,0,0,,No,
Nike Hustle D 12 x LEGO Collection – Big Kids Shoes,5010049-1,Gear,,,0,0,,No,
Nike Dunk Low x LEGO Collection – Little Kids Shoes,5010050-1,Gear,,,0,0,,No,
Nike Dunk Low x LEGO Collection – Big Kids Shoes,5010051-1,Gear,,,0,0,,No,
Shelf Red,5010106-1,Gear,,,0,0,,No,
Shelf Blue,5010107-1,Gear,,,0,0,,No,
Recreate Activity Cards: Space,5010355-1,Gear,,,0,0,,No,
Recreate Activity Cards Animals,5010356-1,Gear,,,0,0,,No,
Recreate Activity Cards: Magic,5010357-1,Gear,,,0,0,,No,
Recreate Activity Cards: Castle,5010358-1,Gear,,,0,0,,No,
Recreate Activity Cards: Tech,5010359-1,Gear,,,0,0,,No,
Recreate Activity Cards: Pets,5010360-1,Gear,,,0,0,,No,
Recreate Activity Cards: Ninja Adventures,5010361-1,Gear,,,0,0,,No,
The Lord of the Rings: Trio Art Print,6594064-1,Gear,,4.4,5,0,,No,
Grogu Paper Headband,6594065-1,Gear,,,0,0,,No,
Greetings From Kamino Postcard,6594066-1,Gear,,,0,0,,No,
LEGO Child Gold Keychain,CHILD-1,Gear,,,0,0,,No,18 Oct 2025
LEGO Dad Gold Keychain,DAD-1,Gear,,,0,0,,No,12 Sep 2025
LEGO Dad & Child Gold Keychain,DADCHILD-1,Gear,,,0,0,,No,
Fabuland Tribute Art Print,FABULANDART-1,Gear,,,0,0,,No,
Harry Potter Family Calendar,HPCALENDAR-1,Gear,,,0,0,,No,
Lloyd Keepsake Ornament,LLOYDKO-1,Gear,,,0,0,,No,
LEGO Mum Gold Keychain,MUM-1,Gear,,,0,0,,No,4 Oct 2025
Star Wars Celebration Japan 2025 Art Prints,SWC2025ART-1,Gear,,,0,0,,No,
Quidditch Lesson,30706-1,Harry Potter,27,3.6,67,2,,Yes,1 Feb 2025
Hogwarts Castle: Room of Requirement,40770-1,Harry Potter,202,3.8,43,0,24 x 8 x 7 cm,Yes,1 Sep 2025
Hogwarts Castle: Dueling Club,76441-1,Harry Potter,158,3.7,74,1,16 x 2 x 4 cm,Yes,1 Jan 2025
Hogwarts Castle: Charms Class,76442-1,Harry Potter,204,3.6,60,1,24 x 8 x 7 cm,Yes,1 Jan 2025
Hagrid & Harry's Motorcycle Ride,76443-1,Harry Potter,617,3.0,21,0,16 x 16 x 12 cm,Yes,1 Jan 2025
Diagon Alley Wizarding Shops,76444-1,Harry Potter,2750,3.9,32,0,14 x 88 x 8 cm,Yes,1 Jan 2025
Hogwarts Castle: Herbology Class,76445-1,Harry Potter,390,3.9,42,0,12 x 13 x 13 cm,Yes,1 Jun 2025
Knight Bus Adventure,76446-1,Harry Potter,499,3.9,48,0,15 x 17 x 6 cm,Yes,1 Mar 2025
Hogwarts Castle: Flying Lessons,76447-1,Harry Potter,651,3.7,37,1,26 x 32 x 15 cm,Yes,1 Jan 2025
Fawkes: Dumbledore's Phoenix,76448-1,Harry Potter,299,3.9,20,0,,Yes,1 Jun 2025
Chomping Monster Book of Monsters,76449-1,Harry Potter,518,4.2,18,0,16 x 15 x 6 cm,Yes,1 Jun 2025
Book Nook: Hogwarts Express,76450-1,Harry Potter,832,4.1,23,0,17 x 38 x 7 cm,Yes,1 Jun 2025
Privet Drive: Aunt Marge's Visit,76451-1,Harry Potter,639,4.0,28,0,16 x 31 x 12 cm,Yes,1 Jun 2025
Quality Quidditch Supplies & Ice Cream Parlour,76452-1,Harry Potter,795,3.9,13,0,20 x 13 x 10 cm,Yes,1 Jun 2025
Malfoy Manor,76453-1,Harry Potter,1601,4.0,49,0,31 x 30 x 17 cm,Yes,1 Jan 2025
Hogwarts Castle: The Main Tower,76454-1,Harry Potter,2135,4.2,40,0,67 x 36 x 14 cm,Yes,1 Jun 2025
LEGO Harry Potter Advent Calendar 2025,76456-1,Harry Potter,278,3.3,30,0,,Yes,1 Sep 2025
Hogsmeade Village - Collectors' Edition,76457-1,Harry Potter,3228,4.0,27,0,33 x 76 x 14 cm,Yes,1 Sep 2025
Thestral Family,76458-1,Harry Potter,548,3.7,7,0,,Yes,1 Jun 2025
Butterbeer Truck,6565158-1,Harry Potter,61,,0,0,,No,
Aloy & Varl vs. Shell-Walker & Sawtooth,77037-1,Horizon,768,4.1,68,1,18 x 12 x 8 cm,Yes,1 Mar 2025
Tudor Corner,10350-1,Icons,3266,4.5,271,3,31 x 26 x 25 cm,Yes,1 Jan 2025
Sherlock Holmes: Book Nook,10351-1,Icons,1359,4.5,63,1,21 x 37 x 6 cm,Yes,1 Jun 2025
The Simpsons: Krusty Burger,10352-1,Icons,1635,3.9,52,0,23 x 24 x 20 cm,Yes,1 Jun 2025
Williams Racing FW14B & Nigel Mansell,10353-1,Icons,799,4.0,106,0,31 x 15 x 7 cm,Yes,1 Mar 2025
The Lord of the Rings: The Shire,10354-1,Icons,2017,4.1,196,1,20 x 45 x 27 cm,Yes,2 Apr 2025
Blacktron Renegade,10355-1,Icons,1151,4.3,177,4,47 x 30 x 9 cm,Yes,1 Jan 2025
Star Trek: U.S.S. Enterprise NCC-1701-D,10356-1,Icons,3600,4.3,68,1,48 x 27 x 60 cm,Yes,28 Nov 2025
Shelby Cobra 427 S/C,10357-1,Icons,1241,4.4,34,0,30 x 14 x 9 cm,Yes,1 Jul 2025
Transformers: Soundwave,10358-1,Icons,1505,4.1,52,2,,Yes,1 Aug 2025
Fountain Garden,10359-1,Icons,1302,3.9,54,0,15 x 29 x 19 cm,Yes,1 Jan 2025
Shuttle Carrier Aircraft,10360-1,Icons,2417,4.3,28,1,53 x 27 x 63 cm,Yes,15 May 2025
Holiday Express Train,10361-1,Icons,956,3.3,39,0,13 x 49 x 7 cm,Yes,1 Oct 2025
French Café,10362-1,Icons,1101,3.4,35,0,16 x 30 x 6 cm,Yes,1 Mar 2025
Leonardo da Vinci's Flying Machine,10363-1,Icons,493,4.2,100,1,25 x 29 x 35 cm,Yes,1 Jan 2025
Captain Jack Sparrow's Pirate Ship,10365-1,Icons,2862,4.5,83,0,64 x 64 x 23 cm,Yes,12 Sep 2025
Tropical Aquarium,10366-1,Icons,4154,5.0,4,1,52 x 36 x 28 cm,Yes,13 Nov 2025
The Lord of the Rings: Balrog Book Nook,10367-1,Icons,1201,4.1,94,0,22 x 44 x 17 cm,Yes,1 Jun 2025
How to Train Your Dragon: Toothless,10375-1,Icons,784,3.9,23,0,,Yes,1 Jul 2025
Corner Kiosk,40757-1,Icons,205,3.9,74,0,8 x 8 x 7 cm,Yes,1 Jan 2025
The Lord of the Rings: Sméagol & Déagol,40761-1,Icons,181,4.1,119,0,15 x 14 x 6 cm,Yes,2 Apr 2025
Star Trek: Type-15 Shuttlepod,40768-1,Icons,261,4.4,46,1,8 x 6 x 12 cm,Yes,28 Nov 2025
Twilight The Cullen House,21354-1,Ideas,2001,4.1,28,1,21 x 37 x 18 cm,Yes,1 Feb 2025
The Evolution of STEM,21355-1,Ideas,879,4.1,33,0,27 x 23 x 19 cm,Yes,1 Mar 2025
River Steamboat,21356-1,Ideas,4090,4.3,22,0,40 x 69 x 15 cm,Yes,7 Apr 2025
Disney Pixar Luxo Jr.,21357-1,Ideas,613,4.3,85,2,29 x 14 x 11 cm,Yes,1 Jun 2025
Minifigure Vending Machine,21358-1,Ideas,1343,4.5,76,2,28 x 17 x 21 cm,Yes,1 Jun 2025
Italian Riviera,21359-1,Ideas,3251,4.4,49,0,23 x 34 x 31 cm,Yes,7 Aug 2025
Willy Wonka & the Chocolate Factory,21360-1,Ideas,2025,4.3,23,0,19 x 52 x 26 cm,Yes,15 Sep 2025
Gremlins: Gizmo,21361-1,Ideas,1125,4.3,22,0,27 x 20 x 8 cm,Yes,1 Oct 2025
Mineral Collection,21362-1,Ideas,880,4.2,26,0,18 x 28 x 7 cm,Yes,1 Oct 2025
The Goonies,21363-1,Ideas,2912,4.4,35,0,62 x 36 x 18 cm,Yes,1 Nov 2025
The Goonies: The Walshes' Attic,40773-1,Ideas,179,4.1,36,0,13 x 8 x 9 cm,Yes,1 Nov 2025
Micro Command Centre,40786-1,Ideas,214,3.7,59,0,14 x 16 x 15 cm,Yes,1 Mar 2025
Friendly Snails,40788-1,Ideas,264,4.0,36,0,13 x 13 x 7 cm,Yes,1 Jul 2025
Flying Moon Car,40789-1,Ideas,211,4.3,62,0,11 x 17 x 9 cm,Yes,1 Jul 2025
Little Eatie: T. rex,76967-1,Jurassic World,317,3.8,14,0,12 x 19 x 7 cm,Yes,1 Jan 2025
Dinosaur Fossils: Tyrannosaurus rex,76968-1,Jurassic World,3145,4.3,58,2,,Yes,12 Mar 2025
Dinosaur Fossils: Triceratops Skull,76969-1,Jurassic World,468,3.8,45,0,22 x 17 x 17 cm,Yes,1 Jan 2025
Baby Dinosaur Dolores: Aquilops,76970-1,Jurassic World,339,3.5,10,0,11 x 20 x 15 cm,Yes,1 Jun 2025
Raptor Off-Road Escape,76972-1,Jurassic World,285,4.0,24,1,15 x 7 x 6 cm,Yes,1 Jun 2025
Raptor & Titanosaurus Tracking Mission,76973-1,Jurassic World,582,3.6,14,0,10 x 21 x 16 cm,Yes,1 Jun 2025
Brick-Built Mosasaurus Boat Mission,76974-1,Jurassic World,858,4.3,22,1,42 x 20 x 6 cm,Yes,1 Jun 2025
T. rex River Escape,76975-1,Jurassic World,199,2.9,10,0,20 x 14 x 8 cm,Yes,1 Jun 2025
Spinosaurus & Quetzalcoatlus Air Mission,76976-1,Jurassic World,984,4.3,13,1,20 x 33 x 12 cm,Yes,1 Jun 2025
Robert Muldoon and Raptor,122409-1,Jurassic World,19,3.4,8,0,,No,
Ranger and Raptor,122501-1,Jurassic World,29,3.2,5,0,,No,
Owen with Cage and Raptor,122502-1,Jurassic World,35,,0,0,,No,
Owen with Quad bike,122503-1,Jurassic World,34,,0,0,,No,
Raptor and Trap,122504-1,Jurassic World,34,,0,0,,No,
Ranger with Helipack and Baby Raptor,122505-1,Jurassic World,19,,0,0,,No,
Alan Grant with Hovercraft,122508-1,Jurassic World,31,,0,0,,No,
Spin and Electro Dinosaur Vehicle Chase,11198-1,Marvel Super Heroes,124,3.4,7,0,,Yes,1 Jan 2025
Team Spidey Dino Crawler Rescue,11199-1,Marvel Super Heroes,136,3.6,13,0,,Yes,1 Jan 2025
Spidey and Gobby's Raptor Battle at Tree House HQ,11200-1,Marvel Super Heroes,143,3.6,9,0,16 x 23 x 15 cm,Yes,1 Jan 2025
Venom's Museum Robbery,30707-1,Marvel Super Heroes,36,3.8,50,0,,Yes,1 Feb 2025
Iron Man Mech vs. Ultron,76307-1,Marvel Super Heroes,101,3.6,72,1,,Yes,1 Jan 2025
Spider-Man Mech vs. Anti-Venom,76308-1,Marvel Super Heroes,107,3.3,52,0,,Yes,1 Jan 2025
Spider-Man vs. Venom Muscle Car,76309-1,Marvel Super Heroes,254,3.5,33,1,20 x 4 x 7 cm,Yes,1 Jan 2025
Iron Man Car & Black Panther vs. Red Hulk,76310-1,Marvel Super Heroes,295,3.3,24,0,15 x 4 x 7 cm,Yes,1 Jan 2025
Miles Morales vs. the Spot,76311-1,Marvel Super Heroes,375,3.7,89,2,11 x 15 x 9 cm,Yes,1 Jan 2025
The Hulk Truck vs. Thanos,76312-1,Marvel Super Heroes,229,3.6,7,0,12 x 14 x 9 cm,Yes,1 Apr 2025
MARVEL Logo,76313-1,Marvel Super Heroes,931,4.0,45,0,11 x 28 x 7 cm,Yes,1 Jan 2025
Captain America: Civil War Battle,76314-1,Marvel Super Heroes,736,3.0,37,0,24 x 17 x 24 cm,Yes,1 Jan 2025
Iron Man's Laboratory: Hall of Armor,76315-1,Marvel Super Heroes,384,3.3,41,1,11 x 9 x 5 cm,Yes,1 Apr 2025
Fantastic Four vs. Galactus Construction Figure,76316-1,Marvel Super Heroes,427,4.1,87,2,,Yes,1 Jun 2025
Peter Parker's Apartment,76317-1,Marvel Super Heroes,394,4.0,36,0,16 x 12 x 8 cm,Yes,1 Aug 2025
Captain America vs. Thanos,76319-1,Marvel Super Heroes,107,,0,0,13 x 14 x 4 cm,Yes,1 Aug 2025
Iron Man & War Machine vs. Hammer Drones,76320-1,Marvel Super Heroes,204,3.7,29,0,,Yes,1 Aug 2025
Spider-Man vs. Doc Ock Subway Train Scene,76321-1,Marvel Super Heroes,393,4.1,76,0,23 x 8 x 5 cm,Yes,1 Aug 2025
Avengers: Endgame Thor vs. Chitauri,76322-1,Marvel Super Heroes,373,3.6,30,0,,Yes,1 Aug 2025
Avengers: Endgame Final Battle,76323-1,Marvel Super Heroes,621,3.7,18,0,19 x 32 x 20 cm,Yes,1 May 2025
Spider-Man vs. Oscorp,76324-1,Marvel Super Heroes,808,4.0,27,0,46 x 38 x 11 cm,Yes,1 Aug 2025
Avengers: Age of Ultron Quinjet,76325-1,Marvel Super Heroes,1131,4.4,36,0,28 x 30 x 45 cm,Yes,1 Aug 2025
Iron Spider-Man Bust,76326-1,Marvel Super Heroes,379,4.3,12,0,17 x 20 x 11 cm,Yes,1 Aug 2025
Iron Man MK4 Bust,76327-1,Marvel Super Heroes,436,3.7,18,0,17 x 17 x 8 cm,Yes,1 Jun 2025
Miles Morales' Mask,76329-1,Marvel Super Heroes,487,4.4,9,0,,Yes,1 Jul 2025
Iron Legion,242501-1,Marvel Super Heroes,16,3.8,16,0,,No,
War Machine,242502-1,Marvel Super Heroes,21,3.9,7,0,,No,
Captain America,242503-1,Marvel Super Heroes,14,,0,0,,No,
Thor,242504-1,Marvel Super Heroes,14,,0,0,,No,
Black Widow,242505-1,Marvel Super Heroes,6,,0,0,,No,
Captain America,242506-1,Marvel Super Heroes,18,,0,0,,No,
Captain America,242506-2,Marvel Super Heroes,18,,0,0,,No,
Venom,682501-1,Marvel Super Heroes,34,3.0,5,0,,No,
Venomised Doc Ock,682502-1,Marvel Super Heroes,27,3.4,16,0,,No,
Miles Morales with Pizza,682503-1,Marvel Super Heroes,14,,0,0,,No,
Spider-Man with Street Light,682504-1,Marvel Super Heroes,19,4.2,5,0,,No,
Green Goblin,682505-1,Marvel Super Heroes,13,,0,0,,No,
Ghost-Spider,682506-1,Marvel Super Heroes,11,,0,0,,No,
Minecraft Games Book parts,12001-1,Minecraft,61,,0,0,,No,
The Nether Lava Battle,21266-1,Minecraft,99,4.0,57,3,6 x 6 x 5 cm,Yes,1 Jan 2025
The Illager Desert Patrol,21267-1,Minecraft,105,4.2,51,2,11 x 8 x 6 cm,Yes,1 Jan 2025
The Baby Pig House,21268-1,Minecraft,238,4.1,22,0,19 x 16 x 8 cm,Yes,1 Jan 2025
The Armadillo Mine Expedition,21269-1,Minecraft,247,3.7,28,0,15 x 20 x 12 cm,Yes,1 Jan 2025
The Mooshroom House,21270-1,Minecraft,500,3.6,17,0,16 x 19 x 24 cm,Yes,1 Jan 2025
The Trial Chamber,21271-1,Minecraft,322,3.9,16,0,13 x 21 x 15 cm,Yes,1 Mar 2025
Woodland Mansion Fighting Ring,21272-1,Minecraft,491,3.7,18,1,17 x 14 x 6 cm,Yes,1 Mar 2025
The Ghast Balloon Village Attack,21273-1,Minecraft,555,3.6,9,0,,Yes,1 Mar 2025
The Warden Encounter,21274-1,Minecraft,238,4.3,21,1,,Yes,1 Jun 2025
The TNT Jungle House,21275-1,Minecraft,287,4.2,5,0,10 x 24 x 17 cm,Yes,1 Jun 2025
The Creeper,21276-1,Minecraft,665,4.3,27,0,,Yes,1 Jun 2025
The Pickaxe Mine,21277-1,Minecraft,530,3.8,7,1,22 x 16 x 14 cm,Yes,1 Jun 2025
The Pillager Outpost and Ravager,21278-1,Minecraft,665,3.9,7,0,24 x 16 x 12 cm,Yes,1 Jun 2025
The Enderman Tower,21279-1,Minecraft,867,4.8,6,0,,Yes,1 Jun 2025
LEGO Minecraft Advent Calendar 2025,21280-1,Minecraft,300,4.1,21,1,,Yes,1 Sep 2025
The Parrot Houses,21282-1,Minecraft,535,,0,0,24 x 28 x 22 cm,Yes,1 Mar 2025
The Lush Cave Fight,30705-1,Minecraft,40,3.8,23,0,,Yes,1 Jan 2025
World Explorer Gift Set,66805-1,Minecraft,522,,0,0,,No,1 Aug 2025
Infinite Worlds Gift Set,66807-1,Minecraft,789,,0,0,,No,1 Oct 2025
"Hero with Crafting Table, Furnace and Anvil",472506-1,Minecraft,19,,0,0,,No,
Hero with Elytra and Phantom,662501-1,Minecraft,19,4.2,6,0,,No,
Steve with Creeper and TNT,662502-1,Minecraft,15,,0,0,,No,
Orc Warrior with Baby Hoglin and Magma Cube,662503-1,Minecraft,24,,0,0,,No,
Ghast,662504-1,Minecraft,106,4.2,6,0,,No,
Diver and Turtle,662505-1,Minecraft,26,,0,0,,No,
Wither Skeleton and Ender Explorer with TNT,662506-1,Minecraft,16,,0,0,,No,
Enderman Duel,662507-1,Minecraft,19,,0,0,,No,
"Diamond Hero, Creeper and Slime",662508-1,Minecraft,10,,0,0,,No,
Hero with Skeleton Horseman,662509-1,Minecraft,40,,0,0,,No,
Hero with Zombie and TNT Launcher,662510-1,Minecraft,21,,0,0,,No,
Hero with Husk,662511-1,Minecraft,10,,0,0,,No,
Ender Knight with Shulker,662512-1,Minecraft,14,,0,0,,No,
"Pirate with Frog, Slime and Cartography Table",662513-1,Minecraft,12,,0,0,,No,
Easter Ideas parts,11986-1,Miscellaneous,25,,0,0,,No,
Parts for Brick Like This game,12006-1,Miscellaneous,48,,0,0,,No,
Play with Braille Bricks,30711-1,Miscellaneous,10,,0,0,,Yes,1 Oct 2025
Arcade Machine,40805-1,Miscellaneous,468,4.1,44,2,16 x 11 x 8 cm,Yes,1 Aug 2025
Baby Elephant in the Sky,40814-1,Miscellaneous,402,,0,0,17 x 11 x 17 cm,Yes,1 Jun 2025
Yellow Travel Suitcase,40817-1,Miscellaneous,184,3.8,38,0,10 x 9 x 4 cm,Yes,1 Apr 2025
Up-Scaled Racing Driver Minifigure,40819-1,Miscellaneous,694,3.8,35,0,,Yes,1 Mar 2025
Vietnam 2025 Factory,4000043-1,Miscellaneous,346,,0,0,,No,
Nyíregyháza Factory 2025,4000045-1,Miscellaneous,531,,0,0,,No,
LEGO Inside Tour Anniversary Collection,4000046-1,Miscellaneous,1912,,0,0,,No,
Toy Store,4002025-1,Miscellaneous,1769,4.6,9,0,,No,
2025 Store Manager's Summit - New Orleans Alligator Float,5009189-1,Miscellaneous,148,,0,0,,No,
LEGO Design Seminar Set 2025,DS2025-1,Miscellaneous,,,0,0,,No,
Erlang's Celestial Mech,80065-1,Monkie Kid,806,4.1,10,0,,Yes,1 Jan 2025
Mythical Creature Qilin,80066-1,Monkie Kid,791,4.0,11,0,20 x 29 x 12 cm,Yes,1 Jan 2025
Nike Dunk,43008-1,Nike,1180,3.7,14,0,25 x 38 x 13 cm,Yes,1 Jul 2025
Nike Slam Dunk,43010-1,Nike,809,3.8,6,0,37 x 25 x 14 cm,Yes,1 Sep 2025
Nike Dunk Trickshot,43021-1,Nike,454,3.3,6,0,16 x 17 x 13 cm,Yes,1 Sep 2025
Mini Ninja Combo Mech,30699-1,Ninjago,80,3.4,37,1,,Yes,1 Jan 2025
Arin vs. Dragonian Battle,30700-1,Ninjago,48,4.0,49,1,,Yes,1 Jun 2025
Kai's Dragon Spinjitzu Spinner,71823-1,Ninjago,54,3.6,37,2,10 x 6 x 9 cm,Yes,1 Jan 2025
Sora's Dragon Spinjitzu Spinner,71824-1,Ninjago,56,3.7,44,2,10 x 6 x 9 cm,Yes,1 Jan 2025
Dragon Spinjitzu Battle Pack,71826-1,Ninjago,186,3.8,39,1,14 x 16 x 3 cm,Yes,1 Jan 2025
Zane's Battle Suit Mech,71827-1,Ninjago,92,3.6,110,2,,Yes,1 Jan 2025
Lloyd's Pull-Back Race Car,71828-1,Ninjago,181,3.0,23,0,19 x 12 x 5 cm,Yes,1 Jan 2025
Lloyd's Green Forest Dragon,71829-1,Ninjago,128,3.7,53,1,10 x 24 x 33 cm,Yes,1 Jan 2025
Kai's Mech Storm Rider,71830-1,Ninjago,333,3.4,20,0,,Yes,1 Jan 2025
Ninja Spinjitzu Temple,71831-1,Ninjago,158,3.2,11,0,17 x 32 x 12 cm,Yes,1 Jan 2025
Thunderfang Dragon of Chaos,71832-1,Ninjago,668,4.5,66,0,,Yes,1 Mar 2025
Ras and Arin's Super Storm Jet,71833-1,Ninjago,510,4.1,41,2,11 x 33 x 38 cm,Yes,1 Jan 2025
Zane's Ultra Combiner Mech,71834-1,Ninjago,1187,4.3,39,0,,Yes,1 Jan 2025
Arc Dragon of Focus,71836-1,Ninjago,869,3.9,39,0,,Yes,1 Mar 2025
NINJAGO City Workshops,71837-1,Ninjago,3244,4.2,56,0,41 x 25 x 25 cm,Yes,1 Mar 2025
Kai's Motorcycle Speed Race,71838-1,Ninjago,79,3.9,50,1,4 x 9 x 3 cm,Yes,1 Jun 2025
Arin's Spinjitzu Battle Mech,71839-1,Ninjago,213,3.8,30,0,,Yes,1 Jun 2025
Rogue vs. Drix Race Car Duel,71840-1,Ninjago,111,2.7,11,0,12 x 5 x 6 cm,Yes,1 Jun 2025
Dragonian Storm Village,71841-1,Ninjago,305,4.0,93,0,20 x 22 x 9 cm,Yes,1 Jan 2025
Rontu the Master Dragon,71842-1,Ninjago,381,3.7,30,2,,Yes,1 Jun 2025
Rogue's Mech Dragon Rider,71843-1,Ninjago,584,4.1,45,1,,Yes,1 Aug 2025
Ninja Combat Vehicle,71844-1,Ninjago,561,3.9,29,1,14 x 24 x 22 cm,Yes,1 Jun 2025
Lloyd's Jet Mech,71845-1,Ninjago,1112,4.4,48,0,,Yes,1 Jun 2025
The Fire Knight Mech,71846-1,Ninjago,996,4.5,52,2,,Yes,1 Jun 2025
The Guardian Dragon,71847-1,Ninjago,1650,4.7,46,1,,Yes,1 Jun 2025
The Temple Bounty,71848-1,Ninjago,2387,4.5,52,0,49 x 58 x 26 cm,Yes,1 Jun 2025
Zane vs. Temple Guard,112501-1,Ninjago,11,4.0,12,0,,No,
Kai vs. Wolf Mask,112502-1,Ninjago,11,4.4,5,0,,No,
Jay vs. Cinder,112503-1,Ninjago,10,4.0,5,0,,No,
Cole vs. Drix,112504-1,Ninjago,12,3.5,6,0,,No,
Zane vs. Dragonian Scout,112505-1,Ninjago,11,4.4,5,0,,No,
Arin vs. Spectral Dragonian Scout,112506-1,Ninjago,13,,0,0,,No,
Rogue vs. Zarkt,112507-1,Ninjago,2,3.6,5,0,,No,
Lloyd,892501-1,Ninjago,10,4.2,6,0,,No,
Lord Ras,892502-1,Ninjago,14,4.1,11,0,,No,
Jay,892503-1,Ninjago,9,4.1,10,0,,No,
Morro,892504-1,Ninjago,10,4.5,14,0,,No,
Zane,892505-1,Ninjago,10,3.8,5,0,,No,
Arin,892506-1,Ninjago,8,,0,0,,No,
Kai with Golden Dragon,892507-1,Ninjago,10,,0,0,,No,
Lloyd,892508-1,Ninjago,8,4.2,5,0,,No,
Spectral Dragonian Warrior,892509-1,Ninjago,13,4.3,9,0,,No,
Nokt,892510-1,Ninjago,10,4.2,9,0,,No,
Kai,892511-1,Ninjago,6,,0,0,,No,
Cole,892512-1,Ninjago,1,4.2,6,0,,No,
Frak,892513-1,Ninjago,7,3.9,10,0,,No,
Ninjago Thunderfang,6565144-1,Ninjago,55,3.9,7,0,,No,
Tyr,L0002198-1,Ninjago,4,4.7,6,0,,No,
Windmill Village Hut,75636-1,One Piece,299,4.2,59,1,13 x 19 x 19 cm,Yes,1 Aug 2025
Buggy the Clown's Circus Tent,75637-1,One Piece,573,4.0,35,0,16 x 15 x 14 cm,Yes,1 Aug 2025
Battle at Arlong Park,75638-1,One Piece,926,4.0,32,0,29 x 16 x 10 cm,Yes,1 Aug 2025
The Going Merry Pirate Ship,75639-1,One Piece,1376,4.7,88,1,34 x 39 x 20 cm,Yes,1 Aug 2025
The Baratie Floating Restaurant,75640-1,One Piece,3402,4.5,26,1,35 x 54 x 27 cm,Yes,1 Aug 2025
Gum Gum Fruit,6601555-1,One Piece,57,4.2,12,1,,No,
USB Power Adapter,88020-1,Powered Up,1,,0,0,5 x 3 x 5 cm,No,
Rechargeable Battery,88021-1,Powered Up,3,,0,0,,No,
LEGO Fabuland Tribute,40506-1,Promotional,1026,2.8,5,0,,No,
Tribute to Jane Austen's Books,40766-1,Promotional,361,4.0,61,0,11 x 13 x 8 cm,Yes,19 Jun 2025
Up-Scaled Baby Astronaut,40767-1,Promotional,250,4.1,98,0,,Yes,15 May 2025
Mini Knight's Castle,40775-1,Promotional,590,3.6,69,0,9 x 12 x 9 cm,Yes,
Hot Chocolate Stand,40776-1,Promotional,256,4.1,111,2,13 x 16 x 10 cm,Yes,22 Nov 2025
Winter Gazebo,40778-1,Promotional,245,4.0,43,0,11 x 9.5 x 11 cm,Yes,3 Dec 2025
Tropical Rainforest Diorama,40782-1,Promotional,299,3.7,40,1,13 x 13 x 9 cm,Yes,8 Feb 2025
Coral Reef Diorama,40783-1,Promotional,260,4.1,23,0,11 x 12 x 9 cm,Yes,22 Apr 2025
African Savanna Diorama,40784-1,Promotional,287,3.5,26,0,12 x 13 x 13 cm,Yes,8 Jul 2025
Northern Lights Diorama,40785-1,Promotional,332,3.9,33,1,12 x 12 x 9 cm,Yes,14 Oct 2025
LEGO House Chef,40790-1,Promotional,7,,0,0,,No,
LEGOLAND Park Portal,40810-1,Promotional,323,,0,0,,No,
Amelia Ticket Booth,5009157-1,Promotional,152,3.8,9,0,,No,
LEGO Duck Boat,5009181-1,Promotional,150,,0,0,,No,
1001 Boylston,5009182-1,Promotional,,,0,0,,No,
AFI Cotroceni Grand Opening,5009203-1,Promotional,158,,0,0,,No,
Iasi Grand Opening,5009204-1,Promotional,158,,0,0,,No,
Store Anniversary Minifigures,5009205-1,Promotional,,,0,0,,No,
Elephant Pencil Holder,5009206-1,Promotional,147,,0,0,,No,
"I Love LEGO Store Flatiron Crossing, CO",5009209-1,Promotional,1,,0,0,,No,
Friendly Center Store Opening,5009210-1,Promotional,,,0,0,,No,
Legacy Place Store Opening,5009211-1,Promotional,,,0,0,,No,
Ridgedale Center Store Opening,5009212-1,Promotional,,,0,0,,No,
Santa Anita Store Opening,5009213-1,Promotional,,,0,0,,No,
I Love LEGO Store Scottsdale Quarter,5009214-1,Promotional,1,,0,0,,No,
Streets at Southpoint Store Opening,5009215-1,Promotional,,,0,0,,No,
Iberia24 Heart,5009228-1,Promotional,,,0,0,,No,
Micro Orchid,5009229-1,Promotional,39,,0,0,,No,
LEGO Masters Minifigure LM1,5009231-1,Promotional,,,0,0,,No,
LEGO Masters Minifigure LM2,5009232-1,Promotional,,,0,0,,No,
LEGO Masters Academy Grand Opening Minifigure,5009233-1,Promotional,3,,0,0,,No,
Merci! Heart Lego Store,5009301-1,Promotional,1,,0,0,,No,
New Store Grand Opening,5009308-1,Promotional,158,,0,0,,No,
Las Vegas 2025 Tile,5009316-1,Promotional,1,,0,0,,No,
The Simpsons Living Room,5009325-1,Promotional,123,3.5,18,0,9 x 8 x 10 cm,No,
LEGO Arcade Race,5009378-1,Promotional,119,,0,0,,No,
Westend Grand Opening,5009389-1,Promotional,158,,0,0,,No,
Belgrade Grand Opening,5009390-1,Promotional,158,,0,0,,No,
Craiova Grand Opening,5009391-1,Promotional,158,,0,0,,No,27 Sep 2025
Hangzhou Grand Opening,5009397-1,Promotional,158,,0,0,,No,
RIYADH Grand Opening,5009403-1,Promotional,158,,0,0,,No,
JEDDAH Grand Opening,5009404-1,Promotional,158,,0,0,,No,
South Africa Grand Opening,5009405-1,Promotional,158,,0,0,,No,
UAE Grand Opening,5009406-1,Promotional,158,,0,0,,No,
Krakow Grand Opening,5009407-1,Promotional,158,,0,0,,No,
Butterfly Garden,5009408-1,Promotional,150,3.8,16,0,,No,
Belfast Grand Opening,5009417-1,Promotional,158,,0,0,,No,
Manchester Grand Opening,5009418-1,Promotional,158,,0,0,,No,
Italian Market Van,5009422-1,Promotional,142,3.9,9,0,,No,
LEGO Discovery Centre Hamburg Grand Opening,5009423-1,Promotional,158,,0,0,,No,
LCS Vermosa Grand Opening,5009506-1,Promotional,158,,0,0,,No,
I Love LEGO Store Berlin Tile,5009507-1,Promotional,1,,0,0,,No,
Berlin Grand Opening,5009508-1,Promotional,158,,0,0,,No,
Bridgeport Village Store Opening,5009516-1,Promotional,,,0,0,,No,
I Love LEGO Store Perimeter Mall Tile,5009517-1,Promotional,1,,0,0,,No,
CARDIFF Grand Opening,5009518-1,Promotional,158,,0,0,,No,
JD Flagship Store Grand Opening,5009580-1,Promotional,158,,0,0,,No,
Captain Jack Sparrow's Compass,5009609-1,Promotional,151,4.3,11,0,15 x 20 x 26 cm,No,
Skaters in the Park,5009614-1,Promotional,150,,0,0,,No,
La Défense Grand Opening,5009625-1,Promotional,158,,0,0,,No,
Fish Tank,5009626-1,Promotional,150,4.3,10,0,,No,
Retro Space Explorer,5009806-1,Promotional,150,4.0,21,0,,No,
Fish Tank Filter & Fish Food,5009823-1,Promotional,177,,0,0,6 x 11 x 10 cm,No,
I Love LEGO Store Paris La Défense,5009933-1,Promotional,1,,0,0,,No,
I Love LEGO Store Craiova Tile,5009942-1,Promotional,1,,0,0,,No,
Red Car,5010004-1,Promotional,48,,0,0,,No,
Building F,5010009-1,Promotional,,,0,0,,No,
F1 Race Car M&T,6557640-1,Promotional,29,4.4,5,0,,No,
2D Easter Egg,6557644-1,Promotional,21,,0,0,,No,
3D Easter Egg,6562115-1,Promotional,41,,0,0,,No,
Botanical Heart M&T,6562116-1,Promotional,38,4.2,5,0,,No,
Sunflowers M&T,6565145-1,Promotional,58,,0,0,,No,
F1 Steering Wheel M&T,6565151-1,Promotional,33,4.1,9,0,,No,
Paddle,6565152-1,Promotional,23,,0,1,,No,
Hoop,6565155-1,Promotional,49,,0,0,,No,
Witch,6565159-1,Promotional,27,,0,0,,No,
Mother's Day Flower M&T,6565180-1,Promotional,23,4.3,6,1,,No,
Crayons M&T,6565181-1,Promotional,29,,0,0,,No,
Spring in Bloom,6568276-1,Promotional,122,,0,0,,No,
People's Square Grand Opening,6569140-1,Promotional,158,,0,0,,No,
Boom Box M&T,6575258-1,Promotional,34,,0,0,,No,
Gaming Controller,6575259-1,Promotional,47,3.2,5,0,,No,
Holiday Ornament,6575260-1,Promotional,60,,0,0,,No,
Ice Cream M&T,6581209-1,Promotional,21,,0,0,,No,
Creative Wildlife Panda and Flamingo,6581677-1,Promotional,48,,0,0,,No,
Creative Wildlife Flower and Fish,6581684-1,Promotional,54,,0,0,,No,
Ornament Cataclaws,6583586-1,Promotional,36,,0,0,,No,
Ornament Present,6583587-1,Promotional,38,,0,0,,No,
Ornament X-mas Tree,6583588-1,Promotional,38,,0,0,,No,
I Love LEGO Store Krakow Tile,6586973-1,Promotional,1,,0,0,,No,
I Love LEGO Store Manchester Tile,6588949-1,Promotional,1,,0,0,,No,
Creative Wildlife Dog and Cat,6595892-1,Promotional,53,,0,0,,No,
Formula 1 Austrian Grand Prix 2025 Promotional Tile,6597570-1,Promotional,1,,0,0,,No,
World Play Day M&T,6598833-1,Promotional,43,,0,0,,No,
Dragon,6598863-1,Promotional,58,,0,0,,No,
Microphone,6600034-1,Promotional,85,,0,0,,No,
Castle,6603212-1,Promotional,62,,0,0,,No,
Holiday Kangaroo,6614230-1,Promotional,54,,0,0,,No,
TGT Wonderland Dog M&T,6616332-1,Promotional,,,0,0,,No,
TGT Wonderland Cataclaws M&T,6616333-1,Promotional,,,0,0,,No,
Field Sales Gaming M&T,CONTROLLER-1,Promotional,,,0,0,,No,
Crown,CROWN-1,Promotional,133,,0,0,,No,
Fabuland Tribute Characters M&T,FABULANDMT-1,Promotional,,,0,0,,No,
M&T Gaming Headphoneholder,HEADPHONEHOLDER-1,Promotional,,,0,0,,No,
Holiday Train,HOLIDAYTRAIN-1,Promotional,,,0,0,,No,
LEGO Lates Mini Art Paintings,LATES-1,Promotional,114,,0,0,,No,
M&T LEGO Master Logo,LML-1,Promotional,,,0,0,,No,
M&T Holiday Ornament Note,ORNAMENT3-1,Promotional,,,0,0,,No,
Canada Tennis M&T,TENNIS-1,Promotional,,,0,0,,No,
Trophy,TROPHY-1,Promotional,56,,0,0,,No,
Year of the Snake,40707-1,Seasonal,174,3.6,39,0,10 x 9 x 8 cm,Yes,
Lucky Knots,40756-1,Seasonal,317,3.2,70,0,21 x 13 x 3 cm,Yes,1 Jan 2025
Easter Bunny Surprise,40764-1,Seasonal,217,3.4,48,0,12 x 11 x 7 cm,Yes,24 Mar 2025
Year of the Horse,40779-1,Seasonal,133,3.5,36,1,10 x 9 x 6 cm,Yes,27 Dec 2025
Birthday Cake,40780-1,Seasonal,160,,0,0,8 x 8 x 8 cm,Yes,1 Jan 2025
Birthday Numbers,40807-1,Seasonal,281,,0,0,7.5 x 4.5 x 3 cm,Yes,1 Jun 2025
Easter Bunny and Chick Egg Hunt,40808-1,Seasonal,140,3.2,13,0,14 x 15 x 10 cm,Yes,1 Feb 2025
Festive Gingerbread House,40809-1,Seasonal,498,4.0,24,0,12.5 x 11.5 x 15 cm,Yes,1 Oct 2025
Altar of the Dead,40811-1,Seasonal,231,4.0,16,1,10 x 9 x 8 cm,Yes,1 Aug 2025
Snowman Ornaments,40812-1,Seasonal,168,4.0,16,0,,Yes,1 Oct 2025
Lucky Cat,40813-1,Seasonal,280,4.4,38,1,,Yes,
Birthday Party Cake,40815-1,Seasonal,219,2.8,6,0,7 x 9 x 9 cm,Yes,1 Jun 2025
Decorative Easter Egg,40816-1,Seasonal,386,3.6,10,0,10 x 7 x 7 cm,Yes,1 Feb 2025
Up-Scaled Santa Minifigure,40820-1,Seasonal,761,4.1,33,0,,Yes,
Love Bears,40821-1,Seasonal,287,3.7,14,1,,Yes,1 Jan 2025
Jack-O'-Lantern Pickup Truck,40822-1,Seasonal,177,3.5,25,0,10 x 8 x 6 cm,Yes,1 Aug 2025
Sweetheart Tweety Bird,40824-1,Seasonal,412,3.9,18,0,,Yes,1 Jan 2025
Halloween Wreath,40825-1,Seasonal,617,3.8,9,0,,Yes,1 Aug 2025
Family Christmas Tree Decoration,41843-1,Seasonal,3171,3.8,9,0,33 x 46 x 35 cm,Yes,1 Oct 2025
Springtime Animal Play Pack,66801-1,Seasonal,382,,0,0,,No,
Trotting Lantern,80116-1,Seasonal,1295,3.8,26,0,,Yes,
Good Fortune,80117-1,Seasonal,1021,4.1,32,0,20 x 28 x 17 cm,Yes,
Turkey Time Build,5009616-1,Seasonal,41,,0,0,,No,
Holiday Train,5009635-1,Seasonal,131,,0,0,,No,
Holiday Snowman,6602967-1,Seasonal,130,,0,0,,No,
Balkiry Attack,30704-1,Sonic the Hedgehog,42,3.8,21,0,,Yes,1 Jan 2025
SEGA Genesis Controller,40769-1,Sonic the Hedgehog,260,3.9,53,0,10 x 15 x 3 cm,Yes,8 Sep 2025
Badnik: Crabmeat,40781-1,Sonic the Hedgehog,181,3.6,17,0,,Yes,1 Feb 2025
Sonic's Campfire Clash,77001-1,Sonic the Hedgehog,177,3.4,14,0,2 x 6 x 6 cm,Yes,1 Jan 2025
Cyclone vs. Metal Sonic,77002-1,Sonic the Hedgehog,290,4.0,43,2,14 x 15 x 15 cm,Yes,1 Jan 2025
Super Shadow vs. Biolizard,77003-1,Sonic the Hedgehog,419,4.0,34,2,38 x 15 x 8 cm,Yes,1 Jan 2025
Knuckles vs. Dr. Eggman Egg Crusher Mech,77005-1,Sonic the Hedgehog,350,4.0,7,0,,Yes,1 Aug 2025
Team Sonic Command Truck,77006-1,Sonic the Hedgehog,747,3.5,6,0,27 x 12 x 9 cm,Yes,1 Aug 2025
Ferrari 499P - Hypercar,30709-1,Speed Champions,62,3.6,93,1,,Yes,1 Mar 2025
Ultimate Formula 1 Collector's Pack,66802-1,Speed Champions,2601,4.6,5,0,,Yes,1 Mar 2025
Dodge Challenger SRT Hellcat,77237-1,Speed Champions,390,4.1,107,2,17 x 4 x 7 cm,Yes,1 Aug 2025
Lamborghini Revuelto & Lamborghini Huracán STO,77238-1,Speed Champions,607,4.1,77,0,16 x 4 x 8 cm,Yes,1 Aug 2025
Porsche 911 GT3 RS,77239-1,Speed Champions,348,4.3,86,1,16 x 5 x 7 cm,Yes,1 Aug 2025
Bugatti Centodieci,77240-1,Speed Champions,291,4.1,89,0,15 x 4 x 7 cm,Yes,1 Aug 2025
2 Fast 2 Furious Honda S2000,77241-1,Speed Champions,300,4.2,114,2,16 x 4 x 7 cm,Yes,1 Jun 2025
Ferrari SF-24,77242-1,Speed Champions,275,4.1,185,2,20 x 4 x 7 cm,Yes,1 Mar 2025
Oracle Red Bull Racing RB20,77243-1,Speed Champions,251,4.2,165,1,20 x 4 x 7 cm,Yes,1 Mar 2025
Mercedes-AMG PETRONAS F1 Team W15 E Performance,77244-1,Speed Champions,267,3.9,115,0,20 x 2 x 8 cm,Yes,1 Mar 2025
Aston Martin Aramco F1 AMR24,77245-1,Speed Champions,269,4.0,78,0,20 x 4 x 7 cm,Yes,1 Mar 2025
Visa Cash App VCARB 01,77246-1,Speed Champions,248,4.0,70,0,20 x 4 x 8 cm,Yes,1 Mar 2025
KICK Sauber F1 Team C44,77247-1,Speed Champions,259,3.9,80,0,20 x 4 x 7 cm,Yes,1 Mar 2025
BWT Alpine F1 Team A524,77248-1,Speed Champions,258,4.0,79,0,20 x 4 x 7 cm,Yes,1 Mar 2025
Williams Racing FW46,77249-1,Speed Champions,263,4.1,83,1,20 x 4 x 8 cm,Yes,1 Mar 2025
MoneyGram Haas F1 Team VF-24,77250-1,Speed Champions,242,4.1,75,0,20 x 4 x 7 cm,Yes,1 Mar 2025
McLaren F1 Team MCL38,77251-1,Speed Champions,269,3.9,112,0,20 x 4 x 7 cm,Yes,1 Mar 2025
Millennium Falcon,30708-1,Star Wars,74,3.4,261,3,,Yes,1 Mar 2025
Kamino Training Facility,40765-1,Star Wars,190,3.9,225,0,24 x 5 x 8 cm,Yes,1 May 2025
TIE Fighter with Imperial Hangar Rack,40771-1,Star Wars,236,3.2,28,0,11 x 9 x 8 cm,Yes,1 Oct 2025
Gingerbread AT-AT Walker,40806-1,Star Wars,697,4.3,121,1,19 x 23 x 10 cm,Yes,1 Oct 2025
Star Wars: The Clone Wars and The Mandalorian Gift Set,66804-1,Star Wars,423,4.1,9,0,,No,1 Aug 2025
Epic Battle Set,66808-1,Star Wars,1308,,0,0,,Yes,1 Aug 2025
Rebel U-wing Starfighter,75399-1,Star Wars,594,4.0,227,1,41 x 16 x 9 cm,Yes,1 May 2025
Plo Koon's Jedi Starfighter Microfighter,75400-1,Star Wars,89,4.0,290,2,11 x 3 x 8 cm,Yes,1 Jun 2025
Ahsoka's Jedi Interceptor,75401-1,Star Wars,290,3.9,321,2,19 x 17 x 6 cm,Yes,1 Jan 2025
ARC-170 Starfighter,75402-1,Star Wars,497,4.0,294,3,29 x 36 x 8 cm,Yes,1 Jan 2025
Grogu with Hover Pram,75403-1,Star Wars,1048,3.9,81,1,19 x 18 x 16 cm,Yes,1 Jan 2025
Acclamator-class Assault Ship,75404-1,Star Wars,450,4.1,157,0,15 x 23 x 13 cm,Yes,1 Jan 2025
Home One Starcruiser,75405-1,Star Wars,559,3.7,119,1,14 x 33 x 14 cm,Yes,1 Jan 2025
Kylo Ren's Command Shuttle,75406-1,Star Wars,386,3.7,40,0,26 x 13 x 44 cm,Yes,1 May 2025
Brick-Built Star Wars Logo,75407-1,Star Wars,700,4.2,149,0,13 x 30 x 3 cm,Yes,18 Apr 2025
Jango Fett Helmet,75408-1,Star Wars,616,4.1,81,1,21 x 12 x 11 cm,Yes,1 May 2025
Jango Fett's Starship,75409-1,Star Wars,2970,4.5,187,2,,Yes,1 May 2025
Mando and Grogu's N-1 Starfighter,75410-1,Star Wars,92,3.1,46,1,22 x 17 x 5 cm,Yes,1 Jan 2025
Darth Maul Mech,75411-1,Star Wars,143,3.4,57,1,,Yes,1 Jun 2025
Death Trooper & Night Trooper Battle Pack,75412-1,Star Wars,119,3.5,207,0,6 x 9 x 7 cm,Yes,1 Jun 2025
Republic Juggernaut,75413-1,Star Wars,813,3.0,71,1,16 x 31 x 13 cm,Yes,1 Aug 2025
The Force Burner Snowspeeder,75414-1,Star Wars,349,4.0,62,0,17 x 13 x 5 cm,Yes,1 Aug 2025
Kylo Ren Helmet,75415-1,Star Wars,529,4.0,50,0,18 x 11 x 13 cm,Yes,1 May 2025
Chopper (C1-10P),75416-1,Star Wars,1039,4.2,70,0,,Yes,1 May 2025
AT-ST,75417-1,Star Wars,1513,4.1,84,0,37 x 22 x 22 cm,Yes,1 Aug 2025
LEGO Star Wars Advent Calendar 2025,75418-1,Star Wars,263,3.3,138,2,,Yes,1 Sep 2025
Death Star,75419-1,Star Wars,9023,4.4,63,0,79 x 70 x 27 cm,Yes,1 Oct 2025
Battle Droid with STAP,75428-1,Star Wars,1088,4.1,40,0,38 x 30 x 14 cm,Yes,1 Jul 2025
AT-AT Driver Helmet,75429-1,Star Wars,730,4.2,73,0,20 x 13 x 13 cm,Yes,1 Mar 2025
Wicket the Ewok,75430-1,Star Wars,1010,4.3,39,1,,Yes,1 Aug 2025
327th Star Corps Clone Troopers Battle Pack,75431-1,Star Wars,258,3.5,162,0,15 x 9 x 5 cm,Yes,1 Aug 2025
V-19 Torrent Starfighter,75432-1,Star Wars,567,4.3,174,1,15 x 20 x 14 cm,Yes,1 Aug 2025
Jango Fett's Starship,75433-1,Star Wars,707,4.0,146,0,21 x 21 x 9 cm,Yes,1 Aug 2025
K-2SO,75434-1,Star Wars,845,4.2,81,0,,Yes,1 Aug 2025
Battle of Felucia Separatist MTT,75435-1,Star Wars,976,4.0,116,2,15 x 29 x 13 cm,Yes,1 Aug 2025
Ahsoka Tano,472518-1,Star Wars,8,4.5,23,0,,No,
Mandalorian Nite Owl,912501-1,Star Wars,14,3.8,32,0,,No,
Qui-Gon Jinn,912502-1,Star Wars,6,3.9,32,0,,No,
Imperial Commando,912503-1,Star Wars,7,4.3,31,0,,No,
Praetorian Guard,912504-1,Star Wars,9,4.0,21,0,,No,
Juggernaut,912505-1,Star Wars,65,3.3,11,0,,No,
TIE Defender,912506-1,Star Wars,44,3.3,7,0,,No,
Luke Skywalker,912507-1,Star Wars,6,4.1,12,0,,No,
The Mandalorian,912508-1,Star Wars,7,3.8,22,0,,No,
Darth Maul,912509-1,Star Wars,7,4.2,20,1,,No,
Droideka,912510-1,Star Wars,30,3.2,13,0,,No,
Clone Shock Trooper,912511-1,Star Wars,6,3.6,17,0,,No,
U-wing,912512-1,Star Wars,37,4.2,5,0,,No,
Jango Fett's Starship,912513-1,Star Wars,38,3.8,6,0,,No,
Star Wars U-wing,6573698-1,Star Wars,52,,0,0,,No,
Grogu M&T,6573699-1,Star Wars,51,3.7,10,0,,No,
Star Wars Celebration Japan 2025 Promotional Tile,6596072-1,Star Wars,1,,0,0,,No,18 Apr 2025
Trench Run,6615760-1,Star Wars,138,,0,0,,No,
Phase 1 Clone Pilot,L0002231-1,Star Wars,5,4.5,29,0,,No,
Toad (Pit Crew),30702-1,Super Mario,39,3.7,19,0,,Yes,1 Mar 2025
Mario Kart - Spiny Shell,40787-1,Super Mario,234,4.4,52,1,10 x 10 x 10 cm,Yes,15 May 2025
Yoshi Bike,72031-1,Super Mario,133,3.9,40,1,6 x 9 x 4 cm,Yes,1 Jan 2025
Standard Kart,72032-1,Super Mario,174,4.0,34,0,14 x 4 x 8 cm,Yes,1 Jan 2025
Donkey Kong & DK Jumbo,72033-1,Super Mario,387,3.8,19,0,15 x 8 x 7 cm,Yes,1 Jan 2025
Baby Mario vs. Baby Luigi,72034-1,Super Mario,321,3.6,17,0,10 x 5 x 7 cm,Yes,1 Jan 2025
Toad's Garage,72035-1,Super Mario,390,3.7,10,0,11 x 31 x 20 cm,Yes,1 Jan 2025
Baby Peach & Grand Prix Set,72036-1,Super Mario,823,3.8,6,0,18 x 33 x 4 cm,Yes,1 Jan 2025
Mario Kart - Mario & Standard Kart,72037-1,Super Mario,1972,4.4,61,0,22 x 32 x 19 cm,Yes,15 May 2025
Wario & King Boo,72038-1,Super Mario,512,4.0,14,0,15 x 4 x 7 cm,Yes,1 Aug 2025
Bowser's Castle,72039-1,Super Mario,1068,,0,0,26 x 36 x 21 cm,Yes,1 Aug 2025
Captain Toad's Camp,72040-1,Super Mario,159,3.8,12,0,12 x 8 x 8 cm,Yes,1 Aug 2025
Party at Toad's House,72041-1,Super Mario,276,,0,0,18 x 12 x 12 cm,Yes,1 Aug 2025
Prince Florian & Castle Bowser,72042-1,Super Mario,1251,4.1,10,0,31 x 21 x 22 cm,Yes,1 Aug 2025
Interactive LEGO Mario & Standard Kart,72043-1,Super Mario,278,4.2,6,0,13 x 5 x 8 cm,Yes,1 Aug 2025
Piranha Plant Power-Up Pursuit,72044-1,Super Mario,588,,0,0,12 x 6 x 9 cm,Yes,1 Aug 2025
Shy Guy & P-Wing,72045-1,Super Mario,249,3.9,10,0,14 x 4 x 7 cm,Yes,1 Aug 2025
Game Boy,72046-1,Super Mario,421,4.6,173,2,14 x 9 x 3 cm,Yes,1 Oct 2025
Skid-Steer Loader,30710-1,Technic,52,4.0,45,0,,Yes,1 Jan 2025
Backhoe Loader,42197-1,Technic,104,3.9,52,3,10 x 24 x 9 cm,Yes,1 Jan 2025
Bush Plane,42198-1,Technic,333,4.4,49,4,14 x 25 x 29 cm,Yes,1 Jan 2025
Monster Jam DIGatron Pull-Back,42199-1,Technic,218,3.5,19,0,10 x 19 x 11 cm,Yes,1 Jan 2025
Monster Jam ThunderROARus Pull-Back,42200-1,Technic,232,3.9,16,0,12 x 18 x 11 cm,Yes,1 Jan 2025
Deep-Sea Research Submarine,42201-1,Technic,413,3.9,24,2,15 x 25 x 15 cm,Yes,1 Jan 2025
Ducati Panigale V4 S Motorcycle,42202-1,Technic,1603,4.3,24,0,30 x 43 x 15 cm,Yes,1 Jan 2025
Tipping Dump Truck,42203-1,Technic,462,4.0,21,2,14 x 28 x 11 cm,Yes,1 Mar 2025
Fast & Furious Toyota Supra MK4,42204-1,Technic,810,3.8,26,0,30 x 13 x 8 cm,Yes,1 Mar 2025
Chevrolet Corvette Stingray,42205-1,Technic,732,4.2,21,1,27 x 14 x 8 cm,Yes,1 Mar 2025
Oracle Red Bull Racing RB20 F1 Car,42206-1,Technic,1639,3.9,33,1,14 x 63 x 24 cm,Yes,1 Mar 2025
Ferrari SF-24 F1 Car,42207-1,Technic,1361,4.0,45,0,13 x 61 x 24 cm,Yes,1 Mar 2025
Aston Martin Valkyrie,42208-1,Technic,707,3.8,12,0,29 x 13 x 7 cm,Yes,1 Jun 2025
Volvo L120 Electric Wheel Loader,42209-1,Technic,973,4.2,35,3,14 x 35 x 11 cm,Yes,1 Jun 2025
2 Fast 2 Furious Nissan Skyline GT-R (R34) Car,42210-1,Technic,1410,4.3,24,0,12 x 41 x 18 cm,Yes,1 Jun 2025
Lunar Outpost Moon Rover,42211-1,Technic,1082,4.4,8,0,13 x 31 x 19 cm,Yes,1 Aug 2025
Ferrari FXX K,42212-1,Technic,897,4.3,24,0,29 x 12 x 8 cm,Yes,1 Aug 2025
Ford Bronco SUV,42213-1,Technic,943,4.2,42,2,13 x 28 x 13 cm,Yes,1 Aug 2025
Lamborghini Revuelto,42214-1,Technic,1135,3.6,7,1,40 x 17 x 9 cm,Yes,1 Aug 2025
Volvo EC500 Hybrid Excavator,42215-1,Technic,2359,4.2,9,0,29 x 54 x 24 cm,Yes,1 Aug 2025
Chevrolet Corvette Stingray,42217-1,Technic,732,3.9,9,1,27 x 14 x 8 cm,Yes,1 Jun 2025
Combine Harvester,412502-1,Technic,80,4.1,8,0,,No,
Gyrocopter,412503-1,Technic,63,,0,1,,No,
Wheeled Excavator,412504-1,Technic,65,3.0,5,0,,No,
Space Buggy,412505-1,Technic,62,,0,0,,No,
Offroader,412506-1,Technic,77,,0,0,8.2 x 5 x 7 cm,No,
Black Dahlia Flower,76784-1,Wednesday,358,4.1,22,0,23 x 10 x 9 cm,Yes,1 Aug 2025
Thing's Apartment,76785-1,Wednesday,828,,0,0,13 x 23 x 11 cm,Yes,1 Oct 2025
Morticia's Cottage,76786-1,Wednesday,1002,3.9,7,0,21 x 19 x 12 cm,Yes,1 Oct 2025
Emerald City Wall Art,75685-1,Wicked,1518,4.1,16,0,32 x 25 x 8 cm,Yes,1 Sep 2025
Elphaba's Retreat,75687-1,Wicked,228,,0,0,19 x 13 x 9 cm,Yes,1 Sep 2025
Glinda's Wedding Day,75688-1,Wicked,476,,0,0,11 x 20 x 13 cm,Yes,1 Sep 2025
Emerald City & Kiamo Ko Castle,75689-1,Wicked,860,4.0,5,0,18 x 18 x 10 cm,Yes,1 Sep 2025
Glinda & Elphaba Visit Munchkinland,75690-1,Wicked,744,3.8,5,0,21 x 23 x 11 cm,Yes,1 Sep 2025
Glinda & Elphaba Bookends,75691-1,Wicked,1327,4.5,10,0,,Yes,1 Sep 2025
